id,x,y,matches
0,299.410858,93.876038,260
1,150.095383,86.743408,472
2,150.097260,86.649475,443
3,150.143951,86.996460,550
4,150.889130,87.045410,553
5,291.924469,111.127380,442
6,150.107162,86.714111,488
7,149.418945,85.803406,566
8,293.728210,105.898071,376
9,150.202469,87.794678,568
10,150.033295,86.609497,540
11,276.658478,113.484192,454
12,287.023804,116.578186,363
13,83.967308,38.552734,473
14,288.851013,128.248291,424
15,287.104645,124.541565,430
16,319.749207,124.898804,567
17,259.948486,142.034851,244
18,293.752838,156.321472,518
19,488.071106,460.779297,211
20,298.433807,150.394043,419
21,304.938599,160.763611,668
22,295.677856,183.841248,546
23,295.509216,165.390503,587
24,304.742279,125.409668,422
25,299.008759,170.598022,435
26,317.402863,163.503235,483
27,309.852661,175.608765,649
28,306.914337,181.707458,506
29,314.385101,181.439758,575
30,342.484283,164.049316,731
31,314.234192,183.082520,549
32,320.267456,189.431091,475
33,316.771912,188.025879,538
34,333.047638,190.525818,584
35,340.421844,191.919312,727
36,327.675659,200.230652,760
37,323.345276,200.462036,904
38,326.101654,193.662903,620
39,329.150208,206.525818,723
40,330.593994,209.526978,671
41,336.279968,203.808716,508
42,318.506622,199.266418,373
43,327.220703,209.698364,429
44,306.510620,214.672363,323
45,307.334259,215.745667,541
46,161.037888,740.489380,419
47,318.954987,540.376465,438
48,306.342255,529.395020,361
49,301.533875,495.457825,319
50,273.263397,209.794800,292
51,236.661026,205.293396,223
52,230.206085,222.660767,238
53,469.095581,118.439148,371
54,246.789139,207.138977,392
55,237.913467,209.559937,471
56,254.544174,188.566345,292
57,231.699814,232.290771,445
58,256.633331,196.362671,242
59,211.541443,232.601501,289
60,369.869781,797.386108,194
61,207.876312,231.988159,313
62,198.404785,236.337341,313
63,228.958176,234.221313,183
64,339.475220,674.168457,337
65,217.738174,243.129822,254
66,201.815338,257.289368,368
67,217.149399,254.364685,370
68,196.112885,258.791931,456
69,411.446625,356.710510,232
70,227.168900,264.456665,531
71,220.476089,271.994995,475
72,223.075867,273.431519,563
73,230.182648,275.578491,210
74,160.565399,239.579529,308
75,246.507950,276.797119,329
76,320.838013,657.387268,268
77,492.433685,687.961670,193
78,481.934265,586.366821,204
79,584.157959,1162.411133,216
80,462.327911,313.016174,240
81,271.767273,497.637085,197
82,386.999481,275.635620,235
83,621.713745,708.738647,238
84,548.743530,667.210815,182
85,469.136963,122.952637,223
86,294.658386,544.599609,228
87,418.145111,357.248962,245
88,339.102081,590.569214,291
89,682.939331,297.375366,271
90,488.089539,72.954407,351
91,475.984650,274.359802,331
92,412.704620,341.883667,245
93,364.348724,421.116333,299
94,461.108582,249.641296,278
95,849.187927,341.476440,204
96,410.796814,346.861572,165
97,330.161713,534.975037,158
98,508.286987,277.030640,180
99,527.632751,335.106750,307
100,158.666901,921.868652,248
101,246.058853,734.066162,358
102,261.480865,632.005737,223
103,337.422394,224.716492,244
104,233.113403,718.352905,195
105,263.994324,797.621399,143
106,720.443115,709.384521,143
107,95.159805,659.881470,185
108,69.909050,675.757080,168
109,87.531494,670.253540,170
110,82.735962,658.603699,239
111,540.913696,396.370178,257
112,566.980652,425.342407,307
113,189.106567,135.436035,601
114,562.564270,423.767029,422
115,553.438782,434.030151,417
116,546.570007,435.153564,309
117,540.822327,431.748901,394
118,455.207733,402.444641,223
119,524.057678,437.955811,299
120,517.761536,440.851929,287
121,455.329742,401.798340,259
122,359.808105,421.072205,202
123,469.735626,545.758118,386
124,481.338928,438.125549,374
125,472.751434,411.091370,347
126,469.724396,450.393188,501
127,463.101776,445.339233,354
128,459.977905,446.173950,745
129,451.217896,449.153259,509
130,445.100494,438.447754,312
131,437.172302,433.845825,389
132,454.901917,401.944824,364
133,446.416962,764.482788,118
134,333.710876,516.922119,162
135,537.771545,752.944641,127
136,150.106003,86.726868,119
137,390.487457,482.329834,173
138,330.806030,438.288147,283
139,221.169281,809.446655,236
140,298.248993,435.830994,347
141,474.335938,377.633667,329
142,389.403503,679.893677,256
143,246.787033,435.124146,375
144,254.404587,411.447144,469
145,264.881012,436.394409,443
146,247.398544,436.522949,405
147,228.198059,437.690247,649
148,218.080566,442.285706,639
149,205.208984,436.470398,1108
150,254.659958,478.734863,333
151,331.503693,358.451233,137
152,180.403809,510.085999,245
153,181.403885,453.338074,304
154,173.882248,461.401367,241
155,171.545441,468.883911,258
156,105.051460,630.929138,311
157,95.046814,708.313843,272
158,137.217911,487.274597,212
159,107.626297,577.032104,318
160,148.507858,486.095032,490
161,135.543594,476.567932,435
162,224.719284,389.380127,294
163,515.785889,567.107422,329
164,515.874939,567.684692,291
165,476.370331,720.419800,229
166,507.524017,550.790649,318
167,777.810120,-351.259521,473
168,495.496460,493.787537,316
169,176.714920,884.598633,220
170,286.679382,523.740295,245
171,335.708862,372.784668,196
172,315.432343,589.963257,88
173,289.328400,442.707703,103
174,533.282654,580.496216,156
175,470.354858,763.056152,140
176,478.550537,444.280884,171
177,483.446899,577.270081,232
178,453.765442,602.800354,342
179,406.112152,541.398071,293
180,360.621765,505.996643,295
181,363.881714,526.203918,262
182,381.141632,528.569214,198
183,394.634125,525.130371,251
184,410.457520,533.735718,212
185,332.268341,512.060852,225
186,432.063843,539.809448,267
187,416.120331,529.110840,172
188,463.289490,545.086487,157
189,472.890259,547.688232,194
190,485.181763,553.697144,157
191,495.383606,551.278503,323
192,505.639099,553.325378,229
193,514.418213,557.154541,310
194,525.244385,561.999634,145
195,532.431641,562.567383,169
196,543.799927,567.746460,107
197,552.638367,572.116516,182
198,614.605713,635.218994,659
199,562.730469,577.569458,220
200,569.498840,584.647949,286
201,574.375671,564.208618,316
202,150.033905,86.540039,136
203,584.187134,579.268311,278
204,410.262238,607.320557,219
205,256.887634,337.885010,190
206,561.459351,634.291687,294
207,500.214508,486.229126,231
208,544.779846,685.297791,314
209,537.212952,634.436157,264
210,354.100922,422.572815,151
211,394.890289,603.686218,208
212,484.011200,634.413879,201
213,1810.154053,-955.298950,213
214,542.693176,651.726135,293
215,490.819702,622.895996,251
216,348.230316,586.386597,207
217,419.952026,201.619751,222
218,527.385620,700.616211,185
219,481.328522,687.001099,181
220,527.064026,700.091980,190
221,396.335297,693.537598,166
222,191.266220,705.636963,324
223,417.447083,179.242493,386
224,395.243561,198.346802,295
225,320.843506,651.944824,194
226,377.223755,648.995544,162
227,325.204956,642.728638,322
228,380.362915,630.210510,85
229,376.016876,591.938293,42
230,175.528427,662.139526,411
231,338.311859,636.634277,360
232,309.832977,642.006836,389
233,340.983551,622.173462,618
234,323.196808,667.803345,537
235,316.577667,625.879028,511
236,289.002228,622.839478,551
237,289.156525,633.354492,192
238,271.365479,702.229248,699
239,290.394714,550.862976,127
240,316.367249,629.925171,196
241,546.408203,734.195557,276
242,175.511108,662.298950,354
243,151.969833,92.379150,767
244,309.314850,649.560059,485
245,234.753693,618.383545,402
246,271.488342,701.240295,547
247,203.155136,687.982971,458
248,547.391357,735.852905,280
249,547.308044,737.211426,204
250,547.509827,736.034180,230
251,411.535828,200.402771,261
252,-4535.890137,-1088.060791,140
253,309.421661,649.526672,328
254,383.036133,704.826477,302
255,415.647583,201.409363,263
256,409.723511,724.873413,257
257,286.276886,908.030151,195
258,408.973114,653.963257,229
259,297.101807,639.733765,292
260,150.256577,86.900208,303
261,153.535812,91.572571,350
262,469.129822,730.118164,313
263,416.084259,708.947144,295
264,437.366699,707.113281,297
265,505.051849,740.212891,363
266,493.786957,722.200806,335
267,480.056488,748.918091,321
268,489.885803,723.748779,234
269,149.244461,86.667908,574
270,548.877014,663.759155,330
271,472.279510,732.122925,381
272,546.788208,735.808105,201
273,516.157593,741.049683,234
274,295.568604,372.399719,331
275,157.891983,93.468689,271
276,140.897675,676.645935,474
277,339.182190,674.400391,687
278,81.025826,662.746826,497
279,80.923607,662.085938,473
280,80.370613,662.884583,534
281,150.049301,86.444275,515
282,151.213287,87.289368,501
283,338.898254,674.614380,497
284,151.087952,86.751587,414
285,457.725403,781.005432,385
286,149.551239,86.207581,706
287,94.560684,657.735779,441
288,339.134583,674.536621,975
289,65.927971,661.359619,494
290,158.635315,581.341248,440
291,82.535446,653.498779,547
292,150.227264,86.855774,465
293,83.310097,650.805664,524
294,77.495178,664.414551,411
295,150.046204,87.201904,209
296,410.877045,863.004883,188
297,496.504822,786.641235,205
298,522.744202,737.601013,252
299,511.594330,737.370056,160
300,329.542847,587.960693,104
301,547.056030,735.714478,216
302,150.144119,86.932556,639
303,113.823990,853.456909,360
304,295.129333,373.188110,470
305,292.851807,373.062195,571
306,457.054474,339.171387,291
307,547.514709,736.059570,397
308,150.016266,86.531616,623
309,155.231186,87.104980,529
310,150.420807,87.168274,597
311,150.319565,87.118347,713
312,338.769012,675.429749,745
313,233.371994,699.021484,192
314,455.619263,73.179993,117
315,614.843567,316.243225,256
316,412.821289,673.201172,294
317,565.611206,756.286560,372
318,466.956787,640.343506,338
319,440.891174,629.894165,417
320,459.681183,626.796875,362
321,385.917938,400.960022,309
322,351.040100,664.161011,480
323,462.099701,613.208374,859
324,149.830200,90.914246,853
325,458.334290,615.635010,799
326,463.566498,599.536499,395
327,143.318573,539.813599,265
328,301.359955,219.183838,146
329,232.500244,376.802124,320
330,461.837158,574.567322,426
331,459.841583,565.703491,492
332,468.720917,550.450562,475
333,467.742126,552.236572,587
334,465.417572,546.460938,465
335,468.657013,541.541138,423
336,468.875702,532.874695,429
337,453.108185,530.859802,478
338,459.917755,506.999939,450
339,469.639313,513.333130,438
340,472.132446,504.145203,502
341,468.449188,495.606873,438
342,403.961487,463.896667,258
343,395.935944,504.055359,173
344,353.097992,912.754395,172
345,459.254425,466.070618,303
346,469.476379,455.663940,363
347,466.149017,441.898254,362
348,156.689911,94.457825,401
349,150.010788,87.206177,389
350,152.297455,71.729126,393
351,150.370789,87.947449,625
352,148.909302,82.765198,490
353,458.002655,402.140198,473
354,151.190796,86.234070,442
355,491.324738,460.889160,310
356,152.214569,88.179260,361
357,456.604553,400.527222,418
358,150.054565,86.621643,581
359,584.197449,743.804077,335
360,189.064957,566.409546,374
361,510.233948,193.590149,498
362,198.926361,265.760498,427
363,482.221405,309.373108,461
364,146.050858,81.933716,471
365,183.086685,708.408569,357
366,447.214111,355.323181,630
367,482.428711,333.151978,461
368,516.135620,313.740479,454
369,499.751617,305.112305,348
370,467.081726,258.207336,360
371,492.010681,282.943298,283
372,373.192139,564.012939,234
373,490.050415,256.396057,247
374,492.933411,248.942322,238
375,502.012482,207.703796,203
376,497.346008,219.686096,187
377,487.879791,218.962646,188
378,510.546143,204.000000,210
379,497.277100,261.493164,185
380,490.238800,219.255920,228
381,476.639648,190.493408,187
382,470.128143,185.386963,180
383,441.214355,214.717468,171
384,459.783905,173.116333,193
385,481.582703,214.046997,158
386,455.866211,168.353027,318
387,452.769867,162.547363,259
388,460.119904,147.492310,238
389,442.797791,147.909790,283
390,438.972015,141.907776,197
391,435.250244,136.728333,204
392,150.645782,88.340149,530
393,432.520050,126.866028,258
394,150.090729,86.631714,178
395,479.479767,121.127258,142
396,451.628448,110.154785,195
397,461.894958,104.031738,153
398,150.996429,89.360840,242
399,474.598602,94.066650,125
400,606.242188,277.215454,101
401,489.490051,85.479553,130
402,481.787262,96.705750,131
403,150.069046,86.633057,249
404,150.097351,86.633118,372
405,507.085419,69.140869,239
406,503.354584,-19.157104,106
407,141.034927,83.295227,100
408,359.217651,190.274048,64
409,211.359985,104.945740,58
410,-649.606018,578.533325,49
411,463.705902,775.828125,91
412,151.838806,89.124207,128
413,483.394684,559.100586,103
414,503.937256,567.909180,89
415,409.023926,345.647583,87
416,558.351501,625.223511,84
417,82.856720,650.269287,173
418,527.983704,700.043579,141
419,189.998367,692.717041,125
420,149.383911,86.782043,185
421,153.835205,865.152710,154
422,523.138062,363.591919,160
423,150.089127,86.716858,185
424,264.781525,772.612671,159
425,143.498886,72.468018,189
426,480.914093,267.939575,102
427,187.674759,557.378418,113
428,204.503082,728.802673,143
429,279.386932,47.863220,185
430,150.310898,87.174988,262
431,156.174026,101.963013,279
432,270.109131,523.672729,241
433,150.427444,86.850525,285
434,152.480423,861.692810,228
435,265.877533,800.905090,243
436,308.002045,356.124146,149
437,140.947662,708.372192,191
438,217.415817,115.316589,195
439,216.999741,114.938416,190
440,575.607788,956.064331,222
441,81.153671,656.040283,287
442,96.412857,721.882446,185
443,474.226013,758.670044,196
444,389.517700,502.920044,98
445,80.054070,663.312744,209
446,80.129761,658.413269,285
447,150.361252,87.128235,204
448,94.312584,597.931519,168
449,149.818893,86.949707,94
450,80.361549,662.917969,274
451,192.244278,145.642151,179
452,338.423279,673.287720,234
453,93.221352,645.698120,177
454,463.729553,774.363647,102
455,463.831360,771.858215,96
456,464.052460,774.711121,126
457,154.516937,200.684448,88
458,465.611603,773.382690,110
459,512.874817,571.629150,72
460,423.426300,699.620850,94
461,164.873550,223.301880,125
462,137.012131,246.304321,90
463,118.041252,210.964722,124
464,146.952087,93.214600,134
465,308.595886,706.643127,149
466,152.004364,85.152893,163
467,515.561523,588.584900,141
468,448.243073,-77.004272,190
469,151.560104,88.011902,195
470,150.470734,86.986755,183
471,545.035828,679.730713,157
472,584.206604,680.837402,131
473,180.287827,525.011353,89
474,419.460724,800.164551,138
475,495.371704,207.972900,122
476,468.975342,124.374817,211
477,162.665237,737.788391,185
478,160.958298,736.306152,219
479,430.648682,214.143799,230
480,436.432861,453.869812,223
481,416.201843,349.554199,301
482,566.312744,682.783325,178
483,469.658600,120.679504,195
484,248.003754,253.715149,155
485,183.068420,789.839233,188
486,470.503540,261.323792,367
487,510.730133,301.145691,285
488,438.987671,363.579407,285
489,502.874298,274.797668,408
490,503.108002,263.696533,237
491,533.450256,388.129700,261
492,521.267273,264.731934,512
493,505.385101,275.255920,259
494,513.182617,242.545776,201
495,501.752625,333.001038,422
496,517.717163,303.925781,247
497,645.803833,386.920959,318
498,556.338318,341.459045,263
499,360.337036,354.136597,136
500,493.696838,321.236938,365
501,309.618774,725.716431,346
502,518.204712,333.172852,376
503,65.770546,806.685425,410
504,397.385162,195.705688,256
505,441.370300,212.325745,159
506,547.221863,670.327759,176
507,349.665009,527.720337,208
508,263.741211,797.885559,87
509,413.749756,381.744385,91
510,421.512787,762.197876,129
511,248.630920,408.958862,167
512,538.608521,663.269165,178
513,511.334564,277.897400,171
514,405.744934,532.352234,192
515,6.790122,500.675842,216
516,309.935272,326.706970,254
517,329.532532,296.230408,242
518,269.611816,459.956665,268
519,368.917694,303.845154,206
520,314.451813,666.539307,185
521,223.502319,353.321228,149
522,198.245377,352.379578,153
523,240.188736,364.303528,174
524,204.190094,289.044250,106
525,281.995819,382.303528,60
526,161.234375,341.133179,89
527,282.832977,516.930481,87
528,483.635132,664.905151,83
529,456.737213,650.568481,79
530,543.807678,697.438538,88
531,93.899200,310.471741,104
532,89.762337,309.487427,165
533,52.493240,332.143677,308
534,92.663986,442.032593,171
535,66.226967,320.008606,249
536,80.318001,663.002930,264
537,81.433624,661.329712,223
538,77.422195,319.030640,164
539,108.339371,339.365295,172
540,80.339218,662.820312,258
541,62.428913,313.962708,197
542,80.375923,662.483276,254
543,79.334702,365.004028,228
544,57.424694,375.801331,230
545,75.066673,366.251587,269
546,78.038658,353.894897,227
547,75.010422,347.242004,268
548,80.951714,662.483398,344
549,71.759415,342.582092,383
550,464.039185,774.743652,392
551,150.648682,87.366089,157
552,80.582512,662.354675,527
553,73.997322,358.238831,184
554,72.415321,359.063721,210
555,81.677055,362.739136,332
556,85.329659,369.331177,155
557,78.486412,376.609619,250
558,79.206345,662.331787,449
559,80.063034,662.895874,539
560,150.115417,87.104919,525
561,463.975983,774.242004,402
562,87.226372,390.522949,194
563,461.213959,770.966736,176
564,467.389648,766.378540,155
565,111.269814,399.815552,135
566,283.135162,317.232910,128
567,141.032272,401.375061,143
568,556.247803,423.884521,213
569,154.566467,405.848389,261
570,168.722519,408.596558,241
571,182.346817,431.151733,237
572,168.909851,387.116272,232
573,201.304260,407.172913,288
574,215.359207,411.799438,279
575,219.198257,408.019165,391
576,234.331299,408.222168,324
577,255.614151,418.147339,420
578,351.300812,492.233032,420
579,252.963364,412.369568,442
580,270.962952,399.978577,329
581,273.591705,408.793640,321
582,300.844299,385.618225,584
583,288.179962,406.261902,414
584,515.485107,567.366943,473
585,388.333679,422.756226,394
586,311.728912,402.797241,321
587,320.529572,396.617371,293
588,455.218597,402.642395,452
589,450.957550,383.762695,512
590,365.597473,386.917847,874
591,150.268173,86.938354,991
592,233.755295,396.012512,656
593,344.625549,383.928345,802
594,374.706482,367.601624,509
595,362.067322,375.024719,693
596,154.432938,91.240295,595
597,458.127106,401.230896,409
598,370.005310,358.964905,850
599,364.074463,315.027893,432
600,245.236176,384.117554,254
601,235.378876,392.172058,277
602,289.802277,555.467407,182
603,370.323151,346.566040,202
604,376.288269,291.621643,202
605,490.124634,459.550781,202
606,491.809021,479.009888,181
607,411.128387,210.859497,165
608,204.609695,437.063293,129
609,319.874878,577.509460,151
610,774.451172,616.159058,132
611,566.949707,365.690613,172
612,471.264282,316.506470,199
613,163.154327,470.240967,208
614,541.755432,378.939453,264
615,455.168243,402.229675,234
616,89.467155,664.228149,217
617,36.487350,736.613403,472
618,339.002594,674.492798,734
619,149.401779,86.960388,509
620,173.548737,242.458435,191
621,377.634308,680.276489,269
622,339.331024,674.991882,562
623,315.861725,306.389954,131
624,617.941162,521.130127,66
625,581.243225,576.852478,50
626,580.393799,575.893921,114
627,538.565308,467.768250,138
628,540.727905,484.672668,194
629,536.059204,496.017822,289
630,532.920105,496.628540,549
631,529.649902,497.372620,376
632,523.453491,501.084290,220
633,516.036438,490.628601,385
634,510.528412,498.464111,404
635,506.253082,498.553528,393
636,504.113068,502.269104,683
637,502.737213,498.916504,557
638,497.303955,499.605713,451
639,494.321472,494.042114,471
640,473.605042,463.547852,541
641,474.885010,485.472290,844
642,481.659576,491.515442,749
643,478.582428,501.593201,684
644,471.159454,484.948486,305
645,467.170471,484.240601,419
646,466.425201,449.975220,296
647,458.496155,467.072693,163
648,259.808044,718.598267,193
649,487.798157,702.437988,171
650,559.439148,455.023743,142
651,274.622559,412.308105,131
652,466.958984,424.400452,149
653,435.923920,842.859985,139
654,334.773163,418.633423,117
655,270.134857,264.343933,141
656,388.130280,541.168640,137
657,240.386185,431.571594,149
658,263.924255,416.709961,171
659,247.860641,415.272705,173
660,442.698273,583.116516,195
661,208.807846,430.928101,164
662,193.525528,423.864441,167
663,182.284744,417.635986,210
664,171.747375,415.958252,266
665,171.525360,413.324951,313
666,478.726685,550.220276,278
667,144.435837,409.424866,235
668,136.101517,412.475098,269
669,129.456085,408.211731,276
670,111.392464,435.137878,410
671,107.905205,420.736389,287
672,114.274155,426.959473,272
673,112.257004,434.168518,478
674,118.686157,432.585144,442
675,114.518852,444.685608,443
676,114.966270,444.983582,382
677,80.576965,661.618713,843
678,110.663002,455.961060,461
679,115.538208,471.999756,378
680,135.717255,462.421875,252
681,117.832977,482.684753,211
682,53.791950,-42.428711,174
683,4755.137207,3727.479980,218
684,109.873543,610.864990,454
685,463.756470,774.192017,468
686,122.563393,58.648865,230
687,-631.808228,-348.973755,176
688,437.030243,963.971863,130
689,388.291199,360.974609,116
690,294.767548,502.331848,191
691,281.563171,419.015015,121
692,429.807648,583.048584,176
693,408.854919,503.751038,246
694,413.609283,225.555603,286
695,466.001221,552.796631,520
696,438.173065,549.002625,422
697,509.568359,714.919373,375
698,303.213165,529.491333,371
699,316.431702,532.008911,435
700,474.998291,551.624756,366
701,360.736389,538.402161,288
702,343.856476,529.507935,452
703,379.288910,540.953369,325
704,364.691864,534.158447,376
705,378.226807,529.716980,376
706,369.670685,532.097656,393
707,390.497437,545.948364,362
708,371.458344,530.336670,491
709,362.375488,516.667542,290
710,414.517426,542.443298,356
711,419.896240,543.078796,396
712,430.676971,552.558472,367
713,441.311462,555.386230,494
714,442.404938,556.808228,358
715,456.393951,561.639648,431
716,451.352905,557.983398,781
717,448.384766,571.080261,655
718,150.226639,86.747742,751
719,462.060211,566.218750,786
720,473.529999,564.402832,523
721,477.755890,561.488525,499
722,484.636444,558.702148,289
723,491.236206,551.549438,222
724,501.045776,549.724243,298
725,508.555756,549.208618,242
726,521.142456,544.255615,318
727,530.182251,541.303162,302
728,533.626831,537.133484,315
729,544.109985,536.070679,332
730,546.883240,538.351196,517
731,551.548218,537.491333,519
732,555.803528,540.518066,331
733,560.194702,545.799927,454
734,548.840881,544.928894,665
735,561.005615,551.123962,470
736,559.877808,562.221985,255
737,481.481354,745.893494,174
738,487.337891,495.102661,171
739,187.588135,146.536194,130
740,80.115883,662.584229,235
741,160.379883,681.196289,169
742,80.215096,662.987610,325
743,68.087158,820.729980,262
744,605.264954,657.071228,345
745,555.906067,620.819824,352
746,554.544189,622.750488,327
747,558.743713,664.590027,258
748,150.290756,86.596619,305
749,194.233704,146.257385,277
750,530.091980,637.029358,179
751,471.739227,663.658142,135
752,492.256104,622.042969,136
753,476.549164,628.566895,120
754,478.265259,627.594238,196
755,457.620148,632.147034,190
756,428.926819,611.387207,188
757,428.660980,608.367004,134
758,408.771729,613.606323,108
759,411.736145,617.478516,181
760,392.558807,596.073364,268
761,373.492188,602.229675,272
762,368.113342,580.294922,342
763,331.072327,647.907471,524
764,362.763367,576.467651,381
765,385.042389,570.831665,413
766,340.343750,569.774780,431
767,483.085083,556.061951,424
768,452.669250,546.364136,346
769,477.733124,527.493530,481
770,322.335327,825.918213,347
771,580.327637,729.230225,157
772,488.910095,669.524902,194
773,233.610703,212.265259,179
774,488.461029,757.014038,161
775,253.545197,612.935669,144
776,185.811707,706.481506,130
777,322.517059,334.039368,177
778,446.006287,548.605713,142
779,423.956635,579.984741,216
780,475.792267,371.906799,330
781,483.781281,374.295898,356
782,185.147751,552.639771,258
783,530.072815,662.007019,212
784,439.267883,965.640686,135
785,165.833282,654.410400,138
786,149.090759,959.513977,161
787,185.311661,277.543396,127
788,83.247620,661.714783,319
789,81.247681,661.412720,480
790,83.523476,672.059509,533
791,77.538811,671.354248,533
792,202.829010,574.069458,188
793,580.806885,338.103210,289
794,83.192223,662.429932,463
795,82.569221,660.049927,438
796,155.390335,90.865906,442
797,78.856827,661.853271,362
798,86.509491,646.729553,380
799,103.034851,656.874268,257
800,139.423538,593.921265,131
801,127.990753,690.152222,234
802,101.676552,636.970947,129
803,82.210526,659.389771,197
804,82.646225,664.196777,129
805,84.600159,660.668213,215
806,133.831696,587.026672,139
807,382.671570,857.977966,139
808,576.241089,716.926147,171
809,177.859772,734.072021,111
810,148.766327,627.809814,118
811,330.146790,657.799255,148
812,554.723083,346.434387,89
813,416.209534,203.203308,137
814,192.022018,598.052734,115
815,359.622314,670.526855,129
816,321.413300,312.001953,133
817,419.077820,197.406250,150
818,330.076416,657.793945,174
819,404.337097,203.080688,245
820,175.622513,662.377625,320
821,406.259155,202.521240,278
822,163.484085,737.442871,352
823,406.527069,195.741943,284
824,475.409546,786.906799,211
825,163.186279,737.180542,274
826,334.737885,632.385864,157
827,296.470459,706.497253,139
828,392.150940,656.161438,112
829,176.201675,662.240967,497
830,415.451019,201.926392,366
831,406.330383,201.390503,341
832,150.414719,86.879700,658
833,546.272278,734.210510,315
834,150.366180,87.005188,715
835,151.509735,87.291443,592
836,150.087784,86.693787,512
837,150.087997,86.638733,515
838,150.068024,86.630737,484
839,148.860703,85.841980,450
840,150.276718,87.027161,849
841,150.520325,87.154419,807
842,150.055054,86.642029,614
843,150.310852,86.918579,781
844,150.319656,87.943359,580
845,149.353653,88.325256,573
846,150.967987,86.539978,439
847,150.206604,86.622925,511
848,150.186768,86.973999,506
849,150.091003,86.594299,358
850,150.073029,86.618469,439
851,150.318375,86.938416,560
852,150.239868,86.284302,451
853,514.321838,589.366211,303
854,150.107376,86.699646,272
855,517.302795,683.188416,249
856,532.817505,659.997681,187
857,544.629333,660.059448,204
858,209.157104,265.731323,219
859,552.049622,673.527588,293
860,554.498596,677.970703,278
861,544.858398,690.113098,179
862,69.418655,172.142761,158
863,994.421692,-4084.739746,174
864,580.825623,569.134827,237
865,532.914124,54.204041,155
866,10.898844,-94.429688,205
867,386.753326,302.015991,175
868,150.141937,86.563354,323
869,150.173691,86.887573,387
870,295.452698,373.348450,475
871,154.025177,83.350647,391
872,150.127975,86.789612,504
873,57.629833,131.902649,232
874,593.521912,676.778625,374
875,150.883102,86.306946,376
876,80.886864,662.065186,443
877,80.427773,662.847534,541
878,64.632225,667.454346,434
879,80.324890,662.940186,264
880,543.332214,780.558228,209
881,82.477608,664.627930,251
882,80.818123,663.036926,367
883,825.143982,554.686523,300
884,656.218384,689.011597,280
885,525.751648,822.139587,393
886,563.188721,751.540527,414
887,79.846573,661.804077,606
888,556.334656,800.492432,326
889,538.508057,818.928345,260
890,534.269043,817.527283,313
891,570.468262,837.240723,307
892,152.641800,88.395691,304
893,554.750427,851.108398,322
894,545.232422,867.274597,401
895,538.290222,863.946289,191
896,68.185959,656.194946,372
897,80.319801,662.937500,414
898,565.897766,883.922974,276
899,211.166443,607.049316,333
900,105.044815,710.820068,335
901,559.264526,914.861511,242
902,493.678162,892.683960,512
903,529.608765,912.946960,245
904,75.792656,664.509399,375
905,581.033691,971.506226,332
906,79.254272,662.869995,707
907,150.115952,87.480225,791
908,120.683167,31.718872,721
909,567.781677,942.436646,213
910,80.477402,662.934753,364
911,530.191833,928.349915,275
912,80.091438,662.740662,549
913,149.535217,86.514709,399
914,150.295853,87.356628,331
915,98.741318,671.500366,293
916,529.479187,958.551636,288
917,516.948425,942.167358,246
918,149.410324,92.331604,560
919,507.037567,939.507812,234
920,355.672485,788.437256,122
921,149.376587,112.803040,287
922,973.750305,764.387573,270
923,481.882721,924.705688,299
924,477.557648,916.436401,251
925,471.609283,903.761475,250
926,466.180573,915.351440,564
927,151.389847,87.907593,699
928,464.576752,903.430054,524
929,150.010254,86.360107,708
930,431.009491,931.818726,409
931,457.505524,906.482422,459
932,451.458282,898.476196,329
933,438.064667,890.759460,359
934,446.637878,886.893738,266
935,424.530762,887.735962,403
936,445.145905,877.631897,677
937,418.944916,879.135498,493
938,415.082764,874.864685,333
939,409.112030,868.077515,585
940,406.558685,869.402344,589
941,377.813599,862.969055,490
942,395.381226,864.582153,658
943,400.016663,859.596436,255
944,295.321930,382.017090,262
945,375.047668,835.323120,466
946,391.182739,823.276611,502
947,385.561829,805.423950,716
948,365.331238,818.917725,697
949,372.951813,813.715759,506
950,360.461823,794.296143,708
951,150.303238,86.816772,1197
952,357.438568,790.362427,851
953,297.205994,386.100464,282
954,575.524048,703.085693,234
955,398.128784,799.390747,362
956,369.099701,803.074219,515
957,355.584564,790.356262,413
958,387.756256,791.024719,388
959,375.610382,786.963440,325
960,395.712250,893.601013,205
961,354.745209,772.904907,341
962,357.635864,779.429749,585
963,152.577484,86.041077,690
964,358.557068,786.690430,369
965,395.630127,703.947754,372
966,356.950409,776.801697,401
967,490.485260,459.058350,390
968,339.811279,762.957397,446
969,332.695099,708.934204,347
970,150.101547,86.706299,615
971,362.363037,753.870667,292
972,429.846466,731.511963,257
973,440.359863,995.708008,277
974,434.169220,258.762634,188
975,380.424988,720.739258,265
976,377.554871,720.675293,355
977,344.386536,671.968262,406
978,147.498199,79.631592,612
979,150.091370,86.767700,629
980,145.404968,82.093750,686
981,547.036072,735.574341,349
982,547.142395,735.732422,257
983,277.444489,697.142029,451
984,393.166443,701.702148,514
985,272.255280,700.062561,664
986,150.562317,88.191589,936
987,420.675110,906.328186,410
988,341.579407,471.822021,222
989,487.985962,149.567383,252
990,440.865082,649.334961,555
991,502.643158,207.184265,208
992,547.045105,735.362671,236
993,406.346802,652.627075,269
994,429.990967,650.072937,192
995,402.446350,640.156982,143
996,368.385010,628.824219,288
997,309.157745,669.614502,155
998,362.587158,620.363464,168
999,351.821747,626.523438,493
1000,364.291962,420.743042,256
1001,359.417938,614.412537,324
1002,436.185028,893.196594,182
1003,422.740173,741.889954,156
1004,3040.816406,-1495.394043,270
1005,271.034180,588.347900,291
1006,408.120941,791.065613,221
1007,338.057343,472.913818,203
1008,338.591339,673.749146,595
1009,265.840637,532.255737,288
1010,235.893555,578.201416,453
1011,403.842407,585.218140,188
1012,450.556854,571.813599,288
1013,456.503174,562.106567,203
1014,480.590454,542.448669,231
1015,149.155365,960.487427,360
1016,263.554657,922.825073,350
1017,452.753876,560.130432,192
1018,89.244041,637.864502,277
1019,484.058289,523.554321,365
1020,247.167938,246.799377,308
1021,297.446350,-471.250610,198
1022,136.649551,514.818359,415
1023,437.915741,961.121521,384
1024,82.998978,660.613892,483
1025,81.872223,660.826904,483
1026,82.682732,661.031006,441
1027,161.457687,62.477722,261
1028,76.584091,654.991455,729
1029,80.363724,662.917358,779
1030,486.688568,642.215820,611
1031,81.193077,657.440308,808
1032,90.441765,656.255798,856
1033,80.349655,662.956665,923
1034,85.508995,652.822632,788
1035,80.541420,662.832764,857
1036,80.928703,661.162109,958
1037,80.339485,662.966553,692
1038,80.698196,663.630371,611
1039,82.026619,660.895813,625
1040,92.952858,652.527100,443
1041,82.403717,660.155151,518
1042,110.732140,499.162476,628
1043,131.064133,475.149475,345
1044,-42.943485,578.840088,490
1045,113.440346,473.671509,365
1046,80.364876,665.518860,731
1047,118.046402,323.831421,380
1048,148.800003,439.471863,243
1049,480.812592,930.935059,197
1050,158.687714,460.844360,308
1051,220.286621,415.811951,361
1052,174.157059,527.259521,403
1053,177.006393,491.794189,774
1054,483.941193,536.438110,711
1055,205.320557,449.625488,581
1056,210.997208,463.703430,595
1057,207.072342,448.372620,735
1058,239.258270,456.988831,529
1059,252.769058,517.517212,731
1060,232.004944,453.921936,675
1061,226.309479,443.186096,549
1062,202.127319,382.644714,1011
1063,220.826065,446.723572,872
1064,231.370132,437.367554,953
1065,233.326355,439.490112,729
1066,239.959213,429.741516,556
1067,254.250549,425.427307,476
1068,478.824097,545.897339,762
1069,254.706055,437.304565,657
1070,479.188110,543.790894,716
1071,262.292694,436.518555,762
1072,155.948105,92.384338,560
1073,286.696136,435.764587,329
1074,404.935425,353.874146,333
1075,516.341309,315.774963,278
1076,217.626938,369.386353,277
1077,311.576294,414.437439,618
1078,314.315125,407.739624,989
1079,478.254395,552.082397,342
1080,242.727585,709.308960,365
1081,350.402802,409.631226,459
1082,395.578339,420.457153,391
1083,360.617981,425.452820,287
1084,481.762329,551.265259,460
1085,389.060608,434.622131,500
1086,478.442078,544.008545,730
1087,398.816071,429.429810,691
1088,400.039917,427.215637,1032
1089,402.043579,409.588745,943
1090,414.293671,429.148865,990
1091,150.476089,87.063904,1101
1092,157.470337,94.448547,1225
1093,338.103882,236.077454,963
1094,419.039490,440.423523,972
1095,151.736771,92.615295,916
1096,331.449524,218.270508,944
1097,553.808838,585.968567,1147
1098,480.450836,544.189453,728
1099,149.117172,89.748657,1076
1100,245.466095,377.916504,788
1101,387.313690,391.901733,723
1102,153.061157,90.115112,1042
1103,151.438568,80.560364,966
1104,387.336670,377.753662,710
1105,382.383179,374.770691,650
1106,388.528229,364.836304,758
1107,394.979431,348.365295,401
1108,392.095490,352.898254,480
1109,249.590942,377.447876,243
1110,283.152435,349.283813,363
1111,419.612976,305.801453,514
1112,427.816071,393.029114,536
1113,318.000488,307.636841,525
1114,324.434723,331.121826,421
1115,408.866364,340.812317,378
1116,324.102234,318.023865,195
1117,305.869781,317.951599,273
1118,493.988068,657.066223,336
1119,402.482666,352.933289,271
1120,215.629013,648.319519,98
1121,281.195557,710.431641,185
1122,270.497223,299.699646,320
1123,265.088409,263.168945,178
1124,240.525421,310.207458,209
1125,251.256622,340.061096,187
1126,228.701782,298.605896,223
1127,228.139908,285.634583,271
1128,232.080353,286.583923,365
1129,238.667175,269.724548,188
1130,261.635468,237.070312,148
1131,204.145554,277.847717,160
1132,193.763992,265.094849,158
1133,190.779434,279.688538,303
1134,181.153259,267.994141,250
1135,251.625275,792.448486,166
1136,80.347710,662.979736,542
1137,80.571831,662.430908,307
1138,81.130356,663.759766,330
1139,192.457306,253.028809,467
1140,136.667542,264.235413,325
1141,179.198502,268.830200,276
1142,136.250320,366.537781,107
1143,159.330841,252.205505,118
1144,159.153061,237.664062,219
1145,81.385887,664.185913,192
1146,80.480850,662.419800,199
1147,80.611069,663.201233,280
1148,80.337181,662.892761,400
1149,81.463310,662.388245,344
1150,74.789879,660.244263,349
1151,156.003708,228.714172,115
1152,80.309929,662.880249,297
1153,169.263367,100.721497,106
1154,151.739227,86.942444,223
1155,182.905594,263.320068,80
1156,80.347778,662.954590,362
1157,78.660042,662.647339,351
1158,463.697662,776.897217,382
1159,527.136047,331.356812,115
1160,80.601357,661.847961,150
1161,81.751167,660.854858,402
1162,80.497375,664.028564,218
1163,308.866943,262.054993,122
1164,145.237457,199.526367,99
1165,256.880707,390.755554,189
1166,196.042145,268.014282,247
1167,96.960129,640.933594,414
1168,249.345840,111.046204,264
1169,190.196121,528.214355,180
1170,104.950554,260.236145,245
1171,312.057220,183.711670,516
1172,262.269928,201.394958,532
1173,262.284790,186.440308,534
1174,248.094482,194.151855,466
1175,150.381653,87.135498,822
1176,223.019379,184.730896,739
1177,152.046051,233.875183,560
1178,265.040710,195.806396,677
1179,285.581879,191.188538,553
1180,254.532654,208.517822,595
1181,284.057343,201.353149,658
1182,271.139191,195.483459,616
1183,270.420288,180.895996,800
1184,149.992584,86.994751,566
1185,424.359894,750.055664,188
1186,355.495605,646.057739,126
1187,271.186035,224.859131,291
1188,295.457275,373.609375,462
1189,374.861511,175.364197,568
1190,309.348511,175.683289,449
1191,294.744263,166.054688,673
1192,339.123260,675.081543,693
1193,358.411316,184.767029,303
1194,306.186218,169.700745,313
1195,248.794464,299.912537,401
1196,318.437256,332.769714,186
1197,154.585587,89.322876,271
1198,588.595459,347.949646,235
1199,359.363251,195.862854,494
1200,312.816345,173.532166,299
1201,187.087036,270.951477,166
1202,243.622742,558.533081,145
1203,143.008820,822.197083,113
1204,540.034973,209.347351,305
1205,168.355453,735.032837,216
1206,330.892944,230.715942,229
1207,179.377502,544.906006,180
1208,448.686676,159.172913,234
1209,334.999237,250.411011,434
1210,395.857422,450.567017,334
1211,172.563080,244.084290,278
1212,373.403839,234.805176,654
1213,366.683990,240.403809,310
1214,172.750076,398.366943,206
1215,186.708588,740.287415,180
1216,392.611694,268.928589,356
1217,396.440460,285.574768,385
1218,422.807800,290.604065,758
1219,402.917175,276.905518,524
1220,405.583099,278.313416,415
1221,408.300415,282.899292,728
1222,497.731201,220.996277,342
1223,352.039001,251.851440,289
1224,320.285156,318.969177,350
1225,115.766716,752.715210,408
1226,412.895599,309.111023,980
1227,415.946228,333.584900,821
1228,428.003387,346.507446,616
1229,466.611511,251.130676,505
1230,396.006104,366.401978,491
1231,424.779114,309.048950,385
1232,433.559906,307.297607,361
1233,451.944183,331.504822,245
1234,456.210388,312.396423,216
1235,452.700562,285.943848,210
1236,454.168671,282.406433,482
1237,460.752136,273.508850,633
1238,416.138031,351.194580,466
1239,440.166412,281.719971,491
1240,385.027374,338.027527,288
1241,464.302979,329.587280,332
1242,433.636078,300.829529,390
1243,338.725769,673.875366,850
1244,338.998444,674.457275,958
1245,470.648285,332.326294,655
1246,339.069763,674.625732,961
1247,166.122208,735.573486,359
1248,456.513031,402.044312,389
1249,406.571625,309.415588,566
1250,428.399170,331.340271,770
1251,339.931519,672.917847,781
1252,444.486053,363.883789,958
1253,464.729095,316.343567,937
1254,153.414062,89.802185,632
1255,150.257751,86.385254,494
1256,469.820923,286.357117,376
1257,486.540527,321.584473,504
1258,489.963287,460.549255,469
1259,144.798279,121.943359,516
1260,693.668152,303.118103,635
1261,416.961395,388.009583,499
1262,449.676758,360.155457,638
1263,412.543243,353.181030,647
1264,144.859863,119.373291,436
1265,365.269562,420.543213,365
1266,455.162506,403.681702,505
1267,324.150391,542.373840,245
1268,484.205383,395.011475,279
1269,541.426453,461.384155,183
1270,497.595490,401.825256,394
1271,518.348206,404.054749,387
1272,508.682373,424.094910,267
1273,86.221062,655.463013,241
1274,563.502014,595.002319,174
1275,80.635445,662.436035,240
1276,512.646240,461.477173,260
1277,509.055511,470.650818,530
1278,506.032959,474.398438,353
1279,536.031372,403.622498,344
1280,490.504395,479.814575,397
1281,481.171936,489.668701,380
1282,471.641113,481.313293,408
1283,463.837494,502.135437,276
1284,326.664093,255.792603,176
1285,423.227081,474.975403,137
1286,409.770752,467.898926,237
1287,378.532227,492.701416,84
1288,442.038971,838.749023,64
1289,237.623764,393.051697,75
1290,302.611938,618.112305,105
1291,224.166458,373.680298,170
1292,303.873413,419.026917,192
1293,345.988129,433.832275,314
1294,287.782104,404.889587,334
1295,285.726837,392.049194,417
1296,503.871094,682.249512,568
1297,371.063965,427.082458,435
1298,255.292114,367.154785,450
1299,246.984406,383.840881,415
1300,236.273605,385.997498,609
1301,231.363998,385.567200,511
1302,222.130310,390.594238,401
1303,216.928864,390.424683,366
1304,210.667664,396.058777,308
1305,202.607788,402.998901,336
1306,197.816238,412.494629,334
1307,149.387207,86.174866,450
1308,195.085098,429.575073,471
1309,195.631943,435.148804,927
1310,194.689728,426.714905,420
1311,196.643951,455.187683,580
1312,193.110199,451.321533,502
1313,191.543884,453.488037,730
1314,189.749939,457.134216,813
1315,190.287323,464.298706,620
1316,192.369110,481.072632,624
1317,478.519745,546.253662,696
1318,1042.262817,822.589355,398
1319,501.452087,681.338196,483
1320,504.432617,693.759521,413
1321,484.455963,586.421692,365
1322,479.623077,559.208679,427
1323,478.422699,547.085693,463
1324,478.676819,546.716248,438
1325,469.366638,556.138184,400
1326,481.697784,547.018616,294
1327,338.508514,572.632568,342
1328,416.196564,753.416443,254
1329,372.870300,519.678833,320
1330,297.392761,385.641235,242
1331,451.813690,507.984985,220
1332,468.115204,589.123779,236
1333,518.675720,621.687134,184
1334,413.049927,519.190918,204
1335,246.501038,393.611816,113
1336,416.428253,538.992798,178
1337,256.381622,331.423889,124
1338,331.520142,275.177673,144
1339,294.095184,421.115662,131
1340,159.488403,157.837524,200
1341,150.303055,83.706299,204
1342,411.615112,567.686279,244
1343,437.563263,601.843445,446
1344,431.701538,623.717407,382
1345,420.663544,617.249023,400
1346,399.648071,626.369019,262
1347,486.041931,559.872559,216
1348,485.879700,702.440857,238
1349,461.905884,505.207458,176
1350,294.604889,593.149902,187
1351,364.198669,606.378723,295
1352,390.274078,595.559875,314
1353,332.433533,644.354248,392
1354,316.516144,607.367859,451
1355,535.985352,694.968750,297
1356,290.426300,616.392517,592
1357,313.176880,570.149414,633
1358,337.675934,671.853271,578
1359,249.309738,528.269409,544
1360,264.483765,694.737671,584
1361,262.811401,613.713989,528
1362,316.876892,594.549622,785
1363,295.137024,607.764282,291
1364,208.919266,620.416687,268
1365,271.652222,701.493958,533
1366,309.982513,644.909058,365
1367,281.700775,660.663696,567
1368,323.453156,650.971680,584
1369,547.133484,735.703247,351
1370,139.492157,701.534424,372
1371,546.530884,733.028320,290
1372,210.710007,614.558838,388
1373,176.685776,661.555725,361
1374,547.119263,735.702026,368
1375,181.709702,660.364380,431
1376,549.232056,735.364746,335
1377,547.203064,735.805298,330
1378,544.234985,734.135681,188
1379,546.399963,735.772400,251
1380,482.222260,467.216003,239
1381,227.782593,522.880371,259
1382,366.676514,681.140381,251
1383,311.199829,392.377441,122
1384,273.768829,697.374146,177
1385,495.044769,555.621704,164
1386,453.685638,586.303223,77
1387,399.673401,753.505981,64
1388,521.641724,707.992004,165
1389,459.512695,499.804260,90
1390,477.869171,578.637695,151
1391,161.935822,731.837036,147
1392,496.818237,770.814941,175
1393,151.242920,88.140015,350
1394,500.183838,769.582581,289
1395,502.423767,767.977661,402
1396,506.296967,751.629639,179
1397,503.282013,206.189087,271
1398,150.570190,88.245789,558
1399,152.920547,81.896667,534
1400,150.141510,86.741455,490
1401,449.203339,746.587830,313
1402,509.274628,623.605103,547
1403,497.326782,713.467896,516
1404,423.069824,763.069702,281
1405,406.347321,201.463013,251
1406,252.900513,351.640625,236
1407,468.531281,740.216003,326
1408,365.908142,680.816650,277
1409,145.560593,75.681335,456
1410,150.967850,89.355408,685
1411,150.192139,86.888000,577
1412,145.415314,79.467712,524
1413,149.804504,90.314514,764
1414,150.112534,86.724548,655
1415,182.402313,125.961304,676
1416,457.223419,777.195435,432
1417,556.395264,693.183777,588
1418,339.227325,674.871582,612
1419,149.916077,84.610291,599
1420,150.166489,86.807129,739
1421,339.254669,674.882080,645
1422,454.308716,758.920532,625
1423,150.101974,86.704407,582
1424,150.321289,86.910095,722
1425,150.133911,86.789185,857
1426,151.625504,96.977051,861
1427,339.266998,674.853027,619
1428,150.550430,86.850525,665
1429,429.303864,824.646057,436
1430,464.711761,729.481018,455
1431,465.594757,777.755127,581
1432,433.482025,775.505371,417
1433,456.996185,812.162720,360
1434,428.496582,825.793335,447
1435,451.201813,790.360840,339
1436,458.671570,774.188904,680
1437,566.247925,634.706421,467
1438,338.907318,674.677246,818
1439,341.047485,675.685303,765
1440,396.228027,567.937744,333
1441,297.226410,386.535339,334
1442,464.916809,792.385071,267
1443,464.789062,805.148926,251
1444,427.606293,668.308594,166
1445,486.870300,809.292053,151
1446,527.400696,788.395813,179
1447,502.276306,815.383057,351
1448,566.981201,757.830383,144
1449,273.952301,602.134399,167
1450,554.717102,864.314209,289
1451,551.525391,836.284363,260
1452,150.122238,86.724548,328
1453,437.751587,949.472412,266
1454,553.431458,858.791016,302
1455,530.200317,878.460388,186
1456,141.543839,78.815002,229
1457,146.600662,84.182678,249
1458,437.286957,955.367493,196
1459,1167.574829,713.147278,224
1460,548.980530,932.786804,244
1461,547.183838,940.398804,264
1462,150.158905,86.776917,802
1463,149.205338,85.745972,430
1464,551.861328,966.146362,252
1465,80.090714,661.738098,551
1466,516.934509,947.354553,165
1467,552.136780,428.495544,67
1468,278.620575,426.573853,80
1469,479.607056,583.309448,79
1470,299.966919,502.165771,113
1471,-352.873505,-1526.005371,125
1472,-874.768005,-997.125610,150
1473,229.731796,126.617859,150
1474,454.558533,754.410034,157
1475,150.196411,86.590637,228
1476,150.283722,79.204285,245
1477,150.090530,86.676514,466
1478,440.931274,934.200378,258
1479,150.098495,86.688049,288
1480,400.145142,954.594421,254
1481,404.719269,930.428650,171
1482,150.154053,86.939026,286
1483,150.098160,86.702515,353
1484,150.125153,86.727783,683
1485,383.076965,932.456055,236
1486,349.814178,932.877930,221
1487,360.686279,925.720947,278
1488,150.159164,86.566345,285
1489,148.959244,87.687561,384
1490,327.894684,922.724182,147
1491,150.164307,87.698792,585
1492,152.801468,88.199951,424
1493,318.588531,923.819580,216
1494,306.578247,906.397339,166
1495,358.953430,904.380127,214
1496,322.072479,901.810059,223
1497,150.101974,86.704407,559
1498,319.133118,895.269043,378
1499,318.274200,888.998291,221
1500,262.218689,876.077942,210
1501,303.794434,874.847168,381
1502,151.254684,89.145508,975
1503,150.102112,86.704529,952
1504,255.049133,328.538879,105
1505,712.994019,782.501465,87
1506,548.394409,496.987427,94
1507,150.075592,86.683411,243
1508,150.095871,86.690979,318
1509,147.816299,94.993835,196
1510,150.182739,86.859680,751
1511,150.077255,86.296387,342
1512,150.101974,86.704407,360
1513,229.054001,910.011719,213
1514,149.125992,84.819214,229
1515,149.679398,85.807190,188
1516,150.102737,86.708252,202
1517,149.692993,85.951294,180
1518,153.042557,87.272095,255
1519,150.101456,86.700378,423
1520,150.462036,90.805664,206
1521,200.769562,894.752869,112
1522,142.878464,68.749817,354
1523,149.052353,94.430237,425
1524,194.749313,905.268311,188
1525,169.488266,911.691711,189
1526,174.794098,908.354370,191
1527,183.326660,885.948364,304
1528,171.207047,899.995728,200
1529,149.458542,86.095459,422
1530,150.103012,86.706482,392
1531,147.317413,45.824402,442
1532,150.103104,86.706177,411
1533,150.078262,86.822876,532
1534,150.044128,86.483093,332
1535,150.981873,88.027283,170
1536,159.755280,895.692505,330
1537,151.056061,86.474487,479
1538,127.016785,41.210510,192
1539,149.213547,86.638428,246
1540,146.877426,911.630127,199
1541,297.857239,768.490906,59
1542,460.324921,834.360962,71
1543,284.852936,873.517822,103
1544,210.238327,894.949768,110
1545,149.469315,87.432068,280
1546,227.816833,895.475464,101
1547,239.279160,946.567078,204
1548,236.263489,919.665344,182
1549,150.104691,86.701843,366
1550,150.063690,85.931213,577
1551,150.142960,87.015259,564
1552,149.324890,86.222046,618
1553,182.985138,886.385925,460
1554,150.104034,86.755920,293
1555,217.262299,915.323608,255
1556,205.825317,910.937195,221
1557,150.077957,86.480164,204
1558,150.093811,86.693787,271
1559,127.596039,67.924805,198
1560,150.124619,86.743469,220
1561,174.443085,894.210510,121
1562,167.972412,887.550110,111
1563,158.724121,880.828247,155
1564,155.379211,876.412231,113
1565,78.872101,666.106689,255
1566,148.874512,865.452393,113
1567,146.025146,857.463562,114
1568,144.757202,849.576538,124
1569,146.337448,839.078369,163
1570,78.061020,665.572998,338
1571,150.101196,86.738953,529
1572,150.101547,86.703979,786
1573,176.934845,830.723267,302
1574,150.012802,86.958191,431
1575,101.402382,793.660583,348
1576,150.334763,87.615662,437
1577,147.912079,811.890991,164
1578,181.758957,787.483032,96
1579,169.997864,810.848389,112
1580,189.474487,843.373047,159
1581,152.686111,88.480347,194
1582,147.458282,88.285645,265
1583,152.214600,86.794739,292
1584,234.454803,811.533081,155
1585,255.129745,806.537720,138
1586,268.814758,797.856079,194
1587,153.419586,87.726501,299
1588,150.104599,86.694885,321
1589,154.909012,90.231018,540
1590,145.389618,110.260803,564
1591,274.034058,803.487549,332
1592,152.601868,87.028076,420
1593,150.248352,86.947876,328
1594,150.661758,87.205750,263
1595,146.802322,84.365295,338
1596,148.928070,84.103699,680
1597,246.603271,816.520081,293
1598,148.911865,83.846741,674
1599,312.652313,805.902954,313
1600,256.848785,774.147583,364
1601,337.216553,810.352417,268
1602,369.659637,816.855103,345
1603,2524.180176,2626.062500,271
1604,248.715225,771.972351,527
1605,309.237000,825.277649,581
1606,150.600433,87.058289,862
1607,151.654312,88.633850,702
1608,384.758606,845.028687,496
1609,153.225403,90.246094,929
1610,358.876495,848.083191,629
1611,148.422958,84.697388,396
1612,150.131271,86.879761,1124
1613,150.086090,86.557007,644
1614,353.076202,845.402100,477
1615,307.851654,829.714172,262
1616,364.541992,837.856506,197
1617,377.900574,830.087585,269
1618,151.533875,90.292480,580
1619,382.123016,802.949524,422
1620,384.977966,835.856567,447
1621,149.962601,86.379944,947
1622,150.481216,87.263367,1210
1623,357.692444,777.995483,615
1624,150.000137,86.659790,747
1625,149.613281,87.119629,645
1626,381.234436,832.201599,459
1627,352.948059,666.667603,757
1628,150.132874,86.752014,789
1629,339.160431,674.580383,376
1630,250.700119,248.778198,298
1631,161.712524,736.548950,348
1632,426.272675,802.057495,295
1633,165.446945,886.615173,127
1634,148.455475,86.615540,185
1635,161.900757,734.600098,135
1636,454.516693,748.793091,171
1637,162.027954,732.529907,234
1638,509.434631,758.413086,267
1639,491.696747,794.528748,206
1640,151.445816,92.618835,228
1641,163.030899,736.249390,156
1642,502.351440,770.552307,153
1643,144.063416,104.747803,172
1644,152.860123,834.540955,147
1645,433.704498,799.586426,206
1646,562.837097,776.642212,226
1647,508.606232,785.802368,253
1648,381.314850,613.940857,95
1649,626.282043,777.980042,95
1650,507.622772,778.563354,153
1651,454.097717,733.100586,110
1652,309.957886,219.104675,178
1653,478.845459,545.767944,223
1654,389.298889,574.000977,186
1655,318.030090,540.172729,37
1656,480.024353,547.008423,161
1657,419.745575,734.574585,185
1658,376.239685,704.623291,185
1659,414.291565,729.918762,243
1660,478.709534,545.635071,281
1661,215.833069,704.790405,278
1662,401.772583,742.059509,523
1663,344.013947,703.781677,351
1664,369.196259,700.015503,344
1665,364.205017,710.228210,350
1666,509.358063,795.549744,230
1667,296.255432,703.600952,323
1668,362.471954,724.491333,344
1669,337.622681,712.788574,427
1670,328.264282,716.409729,298
1671,545.548706,736.058167,243
1672,150.158127,86.735229,456
1673,385.039276,745.061035,292
1674,391.106903,746.971680,267
1675,512.525452,746.933655,154
1676,281.186157,591.824707,68
1677,309.413849,648.292053,202
1678,329.234528,658.140808,170
1679,175.518768,662.279053,220
1680,250.182190,682.934692,236
1681,239.641846,681.746704,355
1682,230.902176,679.871948,284
1683,231.663925,671.582336,543
1684,237.145950,686.788025,633
1685,218.312668,674.550415,236
1686,372.464569,378.783020,83
1687,198.744385,676.633667,183
1688,187.496796,684.184937,179
1689,184.357864,687.032593,364
1690,179.635284,682.587708,266
1691,170.318176,675.744385,386
1692,164.441895,666.324219,334
1693,172.977219,672.173401,286
1694,177.194519,665.318481,341
1695,181.926834,659.881714,281
1696,187.360382,662.157227,310
1697,199.918213,674.457275,415
1698,189.854568,670.201294,273
1699,180.590179,664.729126,177
1700,171.812134,665.132874,245
1701,168.197098,669.692627,440
1702,168.613571,661.683350,292
1703,340.079498,674.956543,587
1704,164.451691,664.251526,175
1705,175.192276,670.467590,359
1706,158.238220,665.530029,360
1707,150.278198,660.894348,269
1708,147.017639,653.998169,151
1709,79.291527,662.995728,238
1710,80.763313,662.923340,390
1711,181.293015,588.444214,284
1712,140.776535,626.351501,131
1713,80.868370,661.631836,232
1714,132.288712,615.988708,220
1715,268.979462,701.292358,185
1716,132.301285,594.891235,218
1717,69.664673,675.875854,421
1718,109.075027,596.907043,555
1719,86.161163,662.488220,365
1720,83.974609,661.397400,373
1721,88.056709,659.533875,558
1722,94.989113,468.186707,413
1723,85.006905,653.170654,520
1724,82.480011,660.897583,412
1725,132.527222,582.186340,454
1726,106.411766,631.838806,251
1727,164.973984,560.283936,285
1728,137.474945,568.379150,221
1729,170.172852,629.279541,222
1730,90.863823,664.910645,453
1731,160.739532,508.735046,192
1732,80.499893,663.106445,358
1733,206.535568,582.003540,238
1734,149.289505,521.757324,297
1735,179.913849,588.856628,139
1736,353.814941,579.193909,115
1737,319.120697,635.491455,177
1738,189.642471,596.663025,346
1739,410.950958,225.374817,197
1740,266.183685,687.415161,220
1741,272.322052,700.824097,433
1742,296.739349,618.414673,461
1743,240.840393,560.401489,296
1744,244.327438,601.091797,397
1745,309.434540,648.207031,216
1746,309.088348,638.108948,325
1747,135.320816,63.626038,543
1748,294.841675,584.479004,629
1749,147.142975,59.418213,783
1750,256.600983,596.142883,620
1751,298.710022,512.843750,656
1752,151.602493,89.266357,709
1753,154.272949,90.914795,468
1754,271.393036,699.166809,346
1755,272.461548,701.649353,346
1756,309.128204,648.794189,535
1757,327.979065,623.688110,393
1758,308.007355,649.290833,503
1759,315.364502,598.652710,517
1760,354.121582,635.504150,478
1761,335.519745,618.104797,569
1762,318.428619,625.458984,483
1763,541.824646,704.995483,476
1764,316.333435,636.773315,538
1765,537.186707,761.242126,493
1766,379.032928,631.491638,410
1767,362.353668,625.004761,629
1768,156.792877,94.531128,800
1769,160.275299,94.591003,953
1770,152.187698,88.672913,796
1771,150.775497,88.663940,631
1772,442.610657,637.179016,524
1773,336.463776,617.250427,400
1774,367.300446,613.413574,356
1775,386.670135,743.529114,360
1776,384.089264,650.972961,269
1777,397.592865,620.405640,185
1778,410.017090,642.522888,236
1779,419.352783,634.527100,256
1780,441.212189,619.422241,275
1781,-90.938591,1216.328857,238
1782,414.932922,666.999268,212
1783,479.803497,693.270996,263
1784,483.002686,627.278809,184
1785,268.366943,793.434082,198
1786,392.921082,605.848755,190
1787,530.323547,637.900391,181
1788,400.106049,545.646545,202
1789,558.543152,622.382935,224
1790,569.561829,656.178833,171
1791,570.706421,680.060547,159
1792,590.832031,631.473938,361
1793,588.963928,609.160339,477
1794,167.994629,85.405823,432
1795,604.491272,608.793518,379
1796,188.031555,135.318115,267
1797,188.950653,137.015503,293
1798,182.732513,138.089233,336
1799,585.005005,535.235413,370
1800,623.704895,514.772461,296
1801,584.639099,584.172241,376
1802,576.480652,589.108887,359
1803,575.737549,584.028076,340
1804,577.575134,581.079834,257
1805,569.943909,575.707153,172
1806,559.907471,571.274536,135
1807,547.385315,572.732178,103
1808,528.305847,570.253296,151
1809,510.254181,568.852844,178
1810,502.301147,576.792419,188
1811,480.803314,570.127808,212
1812,466.158112,567.484680,185
1813,439.280029,562.540649,154
1814,430.340515,564.057251,190
1815,414.719604,560.195801,236
1816,402.337677,556.336182,124
1817,242.798538,439.181702,314
1818,415.536011,538.254517,755
1819,380.860687,533.670593,133
1820,477.483795,544.462280,132
1821,482.066772,551.608276,183
1822,468.095947,542.132202,201
1823,479.596558,545.051270,319
1824,414.394806,438.049316,201
1825,282.594208,520.559570,498
1826,484.443573,689.464722,465
1827,481.647339,532.363831,346
1828,478.753845,545.833496,398
1829,507.814667,705.515930,347
1830,480.151215,544.145203,362
1831,480.034515,541.554504,424
1832,472.996216,562.388306,503
1833,480.632172,547.106567,373
1834,478.845825,545.739685,522
1835,480.196472,544.024292,719
1836,339.307770,674.532959,1244
1837,483.930084,644.848145,977
1838,175.616547,483.517700,769
1839,204.791031,120.573730,1035
1840,173.716476,479.814453,793
1841,202.413956,382.662537,909
1842,155.454208,92.344849,1150
1843,442.619080,346.067078,728
1844,190.071564,477.496094,694
1845,190.264572,494.839905,627
1846,-15287.822266,12807.273438,775
1847,211.226303,469.783813,619
1848,478.715179,545.780396,881
1849,315.932312,508.497742,582
1850,475.493561,556.697266,489
1851,478.998230,545.654480,415
1852,478.499634,547.372559,399
1853,480.581238,543.403198,431
1854,478.305420,545.488647,509
1855,478.799530,545.507324,949
1856,478.335175,545.746399,1006
1857,486.736633,642.294434,1147
1858,290.014191,493.249084,1015
1859,470.448212,556.743408,619
1860,478.343933,545.734985,665
1861,501.549225,684.205444,615
1862,478.667633,545.845825,710
1863,452.885712,560.034424,567
1864,335.737122,527.266113,642
1865,481.278320,551.121338,489
1866,477.477814,548.422852,429
1867,-344.687592,-839.313110,437
1868,477.449463,548.459351,423
1869,371.391754,511.816223,419
1870,380.421539,509.756042,526
1871,476.335754,546.390991,534
1872,399.703247,513.229492,580
1873,477.724030,547.561035,635
1874,409.106781,515.489014,522
1875,422.157928,516.292908,468
1876,423.991486,518.699341,396
1877,433.262970,517.412598,369
1878,445.994324,523.937256,416
1879,454.421936,524.753662,423
1880,464.649841,526.666016,377
1881,481.071625,522.173523,324
1882,487.260620,516.967224,275
1883,494.992371,521.777954,298
1884,512.573425,512.955872,193
1885,546.758118,519.424438,186
1886,531.831238,533.982056,164
1887,557.885315,516.985352,165
1888,563.556213,510.317322,123
1889,574.890015,500.957764,178
1890,579.498840,496.854370,296
1891,583.933655,499.805603,544
1892,585.461609,491.175476,637
1893,481.657684,523.501282,118
1894,469.360413,414.559692,120
1895,572.444397,466.613708,164
1896,557.579773,733.112732,160
1897,550.799255,462.554626,260
1898,546.389709,463.683350,192
1899,536.644714,477.192810,138
1900,653.085999,481.091187,277
1901,535.662781,645.936523,111
1902,495.667816,465.311890,257
1903,490.270752,461.198181,136
1904,442.395142,469.688965,159
1905,470.488159,663.419556,51
1906,426.402283,300.742493,26
1907,408.561829,338.556274,26
1908,352.857483,439.020081,211
1909,332.266663,448.475037,327
1910,328.324524,432.200012,340
1911,315.069946,433.291748,288
1912,297.413361,385.587097,203
1913,302.134399,455.685364,327
1914,278.376007,426.397095,220
1915,274.000977,414.736633,170
1916,266.566528,405.337036,227
1917,288.634949,376.632080,790
1918,583.508606,523.733398,221
1919,207.341385,391.593323,160
1920,224.979752,392.938354,255
1921,210.813171,391.214539,213
1922,200.679642,392.238464,366
1923,197.113846,384.674683,924
1924,199.844070,385.632080,973
1925,468.566284,552.537964,448
1926,478.856079,543.864990,405
1927,219.725952,392.948486,298
1928,229.965393,395.297791,314
1929,247.517670,390.869446,862
1930,239.275009,390.899597,687
1931,247.471191,399.208618,360
1932,478.349854,545.853394,699
1933,258.571716,398.687988,684
1934,263.492218,394.674255,440
1935,257.753601,393.015381,676
1936,477.586029,544.690674,523
1937,524.576355,697.558105,252
1938,506.680267,697.249512,242
1939,290.067078,592.758179,267
1940,337.764374,499.377380,241
1941,229.213120,516.357544,196
1942,425.433929,730.700806,214
1943,355.568176,416.290039,203
1944,458.841156,476.329102,194
1945,239.197372,374.520691,121
1946,385.669769,393.392517,84
1947,263.795166,797.808228,150
1948,452.695496,436.856812,298
1949,456.515961,401.684387,331
1950,474.902283,395.484070,231
1951,482.837311,387.256836,178
1952,386.279938,488.212463,226
1953,483.093719,379.538513,366
1954,455.531586,402.599548,475
1955,329.932739,254.867737,203
1956,143.935562,120.507263,255
1957,487.770905,353.780945,454
1958,341.340332,676.327881,930
1959,149.646194,85.757629,762
1960,461.572998,370.922363,611
1961,403.679993,341.253235,394
1962,467.412842,398.724731,198
1963,471.913666,850.166077,115
1964,363.802917,597.595154,161
1965,365.914124,398.507751,224
1966,288.411407,835.563477,201
1967,320.764893,86.258850,110
1968,408.924011,338.560852,192
1969,434.778290,850.919128,310
1970,415.581238,349.567322,361
1971,334.626495,309.239807,504
1972,380.860565,227.977478,410
1973,371.206329,311.322510,157
1974,469.010986,285.183167,276
1975,522.151245,926.824402,87
1976,490.707214,462.763733,197
1977,529.782043,498.246948,199
1978,226.035522,358.120972,353
1979,297.420868,385.685242,358
1980,264.119324,340.878784,544
1981,195.711838,341.434631,313
1982,450.339874,516.198242,172
1983,220.079269,333.487671,169
1984,204.634369,323.335449,378
1985,202.040207,338.221191,147
1986,196.438141,312.525757,318
1987,182.350464,298.052979,263
1988,177.929703,301.994263,372
1989,148.399414,83.852539,544
1990,150.461700,106.862183,650
1991,179.591721,344.830383,627
1992,177.750778,325.871033,671
1993,339.012207,674.382568,820
1994,178.842911,330.486816,603
1995,150.100800,86.698120,819
1996,166.781494,303.394470,609
1997,173.983368,323.500549,383
1998,182.432663,335.250610,315
1999,169.337494,307.702759,374
2000,149.965775,87.063354,597
2001,172.735703,313.954163,407
2002,150.392914,87.503357,596
2003,150.101974,86.704407,522
2004,141.862823,266.167175,525
2005,175.487015,314.101196,294
2006,175.781082,263.549744,287
2007,177.490204,326.934082,152
2008,188.792496,320.532471,165
2009,192.535965,322.557312,204
2010,199.062683,321.067932,167
2011,205.205185,312.602051,237
2012,433.041168,287.858154,193
2013,373.930542,444.147400,176
2014,245.165283,352.551453,187
2015,133.313904,334.149841,154
2016,490.338226,459.709534,155
2017,477.470520,280.201233,39
2018,380.205566,283.633118,191
2019,511.273804,485.813721,202
2020,58.631073,358.303040,142
2021,490.408508,459.894836,126
2022,490.407471,459.930542,108
2023,342.294495,427.098328,168
2024,307.854004,647.913818,201
2025,483.710236,671.871521,142
2026,488.279694,659.931946,115
2027,469.875061,248.620239,91
2028,494.142029,212.215576,147
2029,490.707733,459.770264,188
2030,502.066742,306.137939,201
2031,553.390259,316.249817,196
2032,402.638458,240.918762,248
2033,429.646271,718.789124,121
2034,392.390015,289.039917,159
2035,616.618408,936.204407,122
2036,298.117706,359.391296,129
2037,539.096863,280.280640,230
2038,592.098145,322.574524,223
2039,530.989197,197.994141,280
2040,150.128189,86.747925,304
2041,341.038086,676.894836,432
2042,486.091522,286.637329,117
2043,555.713379,245.679749,153
2044,459.068451,791.540771,407
2045,343.227203,373.761963,114
2046,315.595825,408.457092,47
2047,557.044861,491.732544,73
2048,141.035797,90.355103,83
2049,149.913742,86.620422,159
2050,0.237669,858.293701,254
2051,150.400482,87.099487,288
2052,446.239594,138.628357,344
2053,429.890045,252.728882,616
2054,547.052063,522.210449,373
2055,144.663162,129.039246,265
2056,468.140259,129.869934,233
2057,145.607300,106.747253,246
2058,417.954712,359.330688,313
2059,375.600281,254.631226,320
2060,365.054047,422.933105,303
2061,298.119934,359.638916,261
2062,155.537064,91.972351,183
2063,331.687592,363.498596,273
2064,324.932281,260.739563,429
2065,324.532349,289.732239,393
2066,337.470001,274.260620,511
2067,345.926208,279.354980,484
2068,340.252502,677.359741,680
2069,342.936310,268.023682,567
2070,326.451019,247.795288,431
2071,140.948532,82.142273,175
2072,284.865967,294.885132,385
2073,290.814514,270.012573,613
2074,294.793213,253.759521,538
2075,277.207214,290.747070,685
2076,150.100479,86.697571,597
2077,158.231781,86.007568,277
2078,414.568268,349.582520,453
2079,286.179962,265.608215,377
2080,290.606995,269.816772,321
2081,467.756348,815.556824,369
2082,295.460815,276.360840,293
2083,277.718842,298.663086,234
2084,397.845612,345.474182,302
2085,263.963684,302.402710,599
2086,320.395447,290.813416,312
2087,306.093018,284.706238,391
2088,133.203568,409.476929,274
2089,295.567993,291.306335,621
2090,410.323456,346.509949,234
2091,229.577286,323.147583,611
2092,297.581757,360.873047,216
2093,152.829773,88.508728,155
2094,168.638535,-6.420654,40
2095,384.569061,327.799988,67
2096,399.927063,376.606445,72
2097,348.864227,487.756836,40
2098,523.905273,643.069946,85
2099,59.284264,164.792603,48
2100,327.573517,401.140625,49
2101,126.324852,252.443176,107
2102,463.587860,776.490417,172
2103,464.031952,774.739563,192
2104,459.531921,767.137695,101
2105,87.180138,653.623413,99
2106,80.368546,662.932556,153
2107,82.744431,664.869812,147
2108,463.939148,774.590942,59
2109,488.890747,773.441040,65
2110,451.516602,764.770874,121
2111,462.189453,770.770264,69
2112,80.344513,662.941650,75
2113,80.743980,659.478638,67
2114,82.097687,660.319336,100
2115,82.194725,661.730713,80
2116,118.845932,160.464844,16
2117,1741.650879,1773.642456,8
2118,559.118530,655.135864,13
2119,470.074951,782.085388,32
2120,81.398323,660.636353,46
2121,129.650711,556.031372,38
2122,417.507782,676.200867,71
2123,465.152283,775.680481,69
2124,499.811737,830.647949,90
2125,-1657.639282,-234.661865,113
2126,467.266266,766.942749,62
2127,459.280396,769.757812,64
2128,62.798786,657.683228,76
2129,330.729279,683.562866,136
2130,150.155518,86.762207,160
2131,150.103683,86.736694,364
2132,75.409729,657.764343,193
2133,153.130569,90.382935,158
2134,462.710297,773.475220,167
2135,508.425446,440.911621,130
2136,306.409332,531.616516,148
2137,335.687714,800.011963,127
2138,150.158401,86.765930,129
2139,1455.991577,266.142151,143
2140,169.195190,155.928894,90
2141,146.732544,190.811646,108
2142,184.243454,165.615540,125
2143,-0.250000,320.079468,309
2144,145.124420,90.026489,340
2145,150.023880,86.626709,550
2146,150.253433,86.873840,519
2147,150.271805,87.038818,424
2148,150.080399,86.706360,532
2149,150.115494,86.725098,537
2150,151.861832,88.498840,377
2151,151.796844,87.896545,415
2152,182.908142,205.561401,366
2153,156.060043,90.335999,438
2154,194.498215,204.395630,184
2155,222.122284,184.916748,379
2156,212.982254,188.600159,217
2157,227.164200,196.685242,210
2158,221.506378,214.824402,137
2159,410.912262,479.333008,127
2160,150.109283,86.192627,189
2161,149.996323,86.556702,231
2162,149.987869,86.860474,308
2163,293.452545,454.792236,175
2164,143.488113,80.538391,179
2165,455.121643,595.995728,144
2166,437.255920,555.458130,114
2167,480.622375,548.318420,120
2168,409.158142,567.359375,133
2169,252.589294,738.550415,170
2170,263.320862,798.030151,125
2171,530.702454,689.538696,97
2172,441.332336,545.091858,74
2173,458.198334,574.192139,62
2174,312.441589,546.322021,78
2175,276.476471,549.780640,63
2176,376.317596,1009.264404,55
2177,169.737030,556.298157,44
2178,348.051178,485.513855,38
2179,526.310913,141.830200,79
2180,539.625183,143.504517,60
2181,540.872681,154.075073,91
2182,547.709900,156.155334,91
2183,540.090210,164.433960,94
2184,527.989319,167.053833,100
2185,513.854919,168.379883,153
2186,517.449951,181.753357,147
2187,508.468292,174.489990,135
2188,519.070190,194.849609,136
2189,498.956116,193.711548,178
2190,505.964050,201.742371,198
2191,484.457581,208.886108,234
2192,499.209045,222.253601,381
2193,338.939148,674.088135,381
2194,460.796295,232.492920,187
2195,339.933441,677.923218,305
2196,341.259186,666.443909,402
2197,487.550659,237.181580,241
2198,474.277924,239.360657,299
2199,569.862488,228.242432,273
2200,505.074127,206.854675,322
2201,452.896088,392.151611,259
2202,495.896881,306.718628,238
2203,502.872559,281.302979,371
2204,415.808411,754.099365,328
2205,2855.025391,1270.397339,382
2206,442.300903,298.813477,308
2207,546.940430,663.998169,225
2208,443.491638,200.755798,274
2209,462.229614,121.073608,214
2210,418.538666,275.523010,485
2211,347.910217,455.546082,180
2212,485.406219,592.170532,221
2213,528.031555,573.325073,213
2214,471.193115,122.241394,186
2215,377.233337,414.419434,212
2216,469.016174,121.754517,367
2217,153.008469,89.516479,293
2218,455.086914,495.737732,245
2219,468.162811,124.195984,234
2220,366.607666,416.808350,157
2221,-663.060486,13.213623,185
2222,457.859619,123.351196,122
2223,454.439117,858.226440,103
2224,482.248016,256.006592,40
2225,436.523651,824.591919,268
2226,259.224518,326.132141,286
2227,356.430573,296.554077,144
2228,575.371521,467.747864,107
2229,245.460663,315.653687,235
2230,214.702606,322.211243,419
2231,222.585571,309.064148,185
2232,222.150772,312.235291,146
2233,222.833557,333.322632,141
2234,191.549561,332.857544,215
2235,150.100891,86.690369,251
2236,205.422180,346.388489,214
2237,214.640381,353.411987,80
2238,261.393311,412.706848,125
2239,83.179893,640.336548,128
2240,254.069809,365.321228,141
2241,225.653000,530.444580,146
2242,406.046509,347.091003,125
2243,298.773743,376.707153,132
2244,405.586487,821.674805,94
2245,259.149628,382.773438,250
2246,582.371277,548.956055,371
2247,378.093750,403.987854,340
2248,359.452271,410.490723,260
2249,364.811310,421.223389,354
2250,363.860382,419.404114,451
2251,479.498596,545.638611,679
2252,478.079865,544.893066,798
2253,369.370575,452.916199,759
2254,390.477325,439.451355,559
2255,398.948822,477.456055,602
2256,146.313782,74.674011,892
2257,457.542267,664.138428,415
2258,250.397827,806.980835,253
2259,407.424225,442.995422,199
2260,248.038605,805.778320,264
2261,520.771912,705.701233,189
2262,416.138000,460.602234,323
2263,475.736023,930.971680,67
2264,264.600647,631.248230,102
2265,447.815216,504.229919,167
2266,461.476196,513.612488,111
2267,468.037811,511.552429,145
2268,481.089722,525.722290,191
2269,484.845673,533.584656,635
2270,490.348022,530.012146,382
2271,496.114990,528.748291,410
2272,501.396729,527.903320,495
2273,152.169891,87.654175,926
2274,502.267609,531.898804,352
2275,501.374847,531.439087,864
2276,149.781631,86.194763,929
2277,150.772461,87.875793,773
2278,500.117737,534.491272,674
2279,493.459656,539.795776,557
2280,182.728745,824.150146,166
2281,150.325989,88.306458,402
2282,492.252167,535.714844,225
2283,500.656464,537.973511,269
2284,510.069611,543.108215,305
2285,393.499817,321.540283,900
2286,496.902069,548.231201,206
2287,468.759094,564.531616,100
2288,507.976349,566.812439,467
2289,478.776215,689.769226,108
2290,465.092682,585.868652,87
2291,435.753540,574.273376,86
2292,522.496094,668.913940,49
2293,467.446625,589.897827,44
2294,137.283310,851.954773,46
2295,452.601593,573.746704,53
2296,993.084534,436.233276,37
2297,522.364929,528.200562,44
2298,-2985.052246,-16733.103516,43
2299,-1861.511353,4826.886719,46
2300,217.785049,636.590942,59
2301,516.077026,603.909424,59
2302,525.987366,804.191895,47
2303,520.785828,281.517395,87
2304,168.968185,639.240845,172
2305,550.434937,816.217041,172
2306,129.960068,521.153931,172
2307,459.765564,681.402832,43
2308,333.704102,785.012939,86
2309,345.170654,456.299438,92
2310,96.614273,556.903442,107
2311,77.848015,593.494934,164
2312,81.551163,661.796021,253
2313,415.439453,401.144714,103
2314,92.140564,623.203064,137
2315,97.415665,623.720703,173
2316,106.773453,621.991028,86
2317,-41.064037,799.306152,53
2318,177.468765,706.370789,51
2319,277.058716,550.805115,44
2320,319.291809,726.477173,61
2321,179.919525,136.557739,59
2322,330.061615,657.791138,97
2323,238.252655,664.806396,52
2324,153.631470,693.862549,41
2325,7556.471680,-10952.085938,40
2326,410.054291,474.270630,32
2327,370.017731,620.126282,43
2328,473.580170,657.615845,56
2329,476.482544,681.674011,72
2330,419.444122,203.319214,119
2331,490.553314,786.744385,108
2332,406.166046,802.606812,124
2333,369.376373,659.572754,135
2334,247.922974,701.966919,125
2335,465.989807,678.661133,52
2336,396.416870,519.734497,44
2337,577.444092,594.210083,103
2338,406.563690,747.874268,101
2339,460.989899,721.818237,115
2340,459.378510,775.350952,74
2341,4779.423828,-5064.756348,98
2342,590.454651,678.685608,104
2343,234.887894,398.732788,175
2344,485.022980,731.887939,143
2345,422.006714,748.076172,201
2346,440.406738,751.041626,185
2347,421.790558,760.429688,147
2348,-44.491947,-624.535889,119
2349,82.115982,311.110229,68
2350,414.509064,750.837952,80
2351,516.505310,146.886108,25
2352,459.179657,514.766113,12
2353,153.984879,481.737854,31
2354,245.174225,615.563354,37
2355,541.966492,262.354797,13
2356,536.646545,842.300293,26
2357,328.962189,646.317383,33
2358,495.893433,642.032837,44
2359,162.766602,736.199341,126
2360,151.457214,656.672546,113
2361,259.980408,477.210632,120
2362,304.209229,556.672363,109
2363,150.596741,87.050171,132
2364,195.600922,789.360962,121
2365,163.095764,736.654663,133
2366,118.726677,729.575806,172
2367,83.080154,662.525024,272
2368,126.822258,739.617920,220
2369,114.545204,737.426270,171
2370,116.831924,733.087585,194
2371,185.565460,749.305176,126
2372,80.808037,664.257080,192
2373,80.251396,662.998047,293
2374,234.606583,584.936462,14
2375,342.296204,-363.809570,26
2376,184.361603,55.981018,86
2377,275.273315,170.411682,103
2378,214.205627,733.319824,142
2379,107.309799,746.587830,226
2380,111.723274,787.623169,299
2381,300.664154,393.184143,88
2382,48.035286,664.485168,119
2383,100.806107,808.639771,135
2384,150.607529,87.400879,198
2385,90.698158,802.933411,146
2386,94.382927,801.940430,94
2387,150.359940,86.197754,109
2388,161.372849,832.559082,119
2389,167.478104,823.633240,195
2390,173.327637,824.560181,154
2391,151.757782,88.296814,148
2392,196.339630,836.518188,191
2393,205.007507,838.507507,160
2394,154.789200,98.742188,167
2395,407.975922,848.075012,77
2396,480.065582,897.577820,72
2397,533.891724,725.286865,95
2398,601.266113,177.618958,118
2399,551.181885,210.518738,130
2400,442.566345,229.932068,117
2401,493.442627,666.647583,111
2402,171.409195,446.152588,111
2403,423.138733,470.983826,120
2404,451.067291,576.807007,145
2405,152.543808,87.174988,143
2406,393.519012,494.372986,98
2407,545.772034,894.617310,211
2408,481.730530,795.505737,213
2409,503.462769,841.863098,196
2410,513.053650,849.041138,192
2411,576.039856,516.861328,210
2412,372.495728,503.929749,102
2413,245.930908,97.243652,87
2414,411.668854,817.200684,103
2415,346.995911,548.052246,108
2416,505.226929,886.416260,185
2417,575.072693,926.135925,274
2418,341.612885,674.855835,357
2419,337.469543,674.431763,328
2420,571.888000,928.105713,228
2421,169.100372,179.917542,144
2422,510.803619,672.652222,72
2423,613.904846,544.735596,43
2424,538.777649,497.818176,37
2425,485.520782,584.520874,70
2426,368.984192,211.732056,60
2427,542.973083,981.677185,73
2428,50.002831,479.974365,63
2429,394.432434,755.794189,57
2430,184.506256,656.007324,81
2431,481.287872,584.933350,41
2432,485.117371,590.382080,45
2433,146.240326,63.608032,69
2434,479.308289,581.249817,61
2435,481.097382,585.121582,56
2436,527.484680,124.812866,48
2437,258.691772,76.326538,53
2438,159.847794,64.157837,72
2439,480.898102,584.276489,81
2440,239.115768,59.473145,35
2441,189.390656,854.987854,31
2442,369.897583,834.368103,35
2443,474.929230,572.291443,33
2444,151.745255,87.479004,42
2445,239.735367,778.137085,21
2446,617.750488,224.853943,29
2447,198.575272,522.988647,17
2448,150.340408,90.787415,25
2449,150.077438,86.659546,35
2450,150.227890,87.337708,88
2451,149.926819,86.458191,61
2452,149.785843,86.311462,111
2453,80.333694,662.975098,152
2454,80.491516,662.861633,104
2455,150.099869,86.702698,197
2456,80.353844,663.200134,92
2457,80.287308,659.447632,132
2458,150.049896,86.630249,293
2459,150.129028,86.751892,159
2460,452.614990,774.261963,112
2461,150.474319,87.038574,116
2462,80.295883,662.988403,239
2463,80.305878,662.949646,220
2464,150.101044,86.702942,285
2465,67.042519,674.007446,240
2466,229.151733,664.630920,83
2467,80.395065,663.204224,137
2468,237.770355,783.084473,73
2469,588.274841,347.739929,149
2470,3562.165771,-5727.657227,59
2471,93.480843,902.890991,77
2472,148.746750,85.100281,69
2473,150.101974,86.704407,61
2474,244.796143,803.549377,64
2475,180.702911,751.400635,44
2476,483.032379,785.056763,72
2477,5221.524902,-6222.660156,92
2478,150.088181,86.683838,83
2479,353.847687,545.083191,69
2480,264.904388,799.114746,48
2481,917.099304,213.261780,58
2482,150.207977,86.911499,92
2483,185.466583,888.916260,86
2484,150.025650,86.646973,102
2485,144.362167,46.860779,121
2486,134.201355,49.154419,107
2487,496.298859,667.220337,136
2488,212.783524,923.465515,103
2489,146.264252,64.942505,175
2490,179.345230,849.624146,125
2491,596.112000,705.328369,102
2492,806.907043,3.185303,104
2493,164.156433,737.638794,129
2494,393.279907,1390.988281,121
2495,161.035751,98.568787,237
2496,469.241516,538.640015,261
2497,458.253967,402.059753,248
2498,153.896484,775.522095,230
2499,296.901550,366.062744,193
2500,53.903473,679.627869,250
2501,379.542908,447.514221,229
2502,511.701752,864.279968,277
2503,543.362549,853.148743,193
2504,1823.315430,1277.900146,258
2505,-538.115234,281.070374,272
2506,149.785660,86.010010,259
2507,545.235535,845.310242,243
2508,556.330261,840.093079,184
2509,339.328003,675.088013,213
2510,554.124084,822.494385,222
2511,540.509155,821.266357,200
2512,529.087219,812.716980,271
2513,478.127319,817.036255,256
2514,533.103760,848.339478,155
2515,508.407318,435.469910,209
2516,152.457199,89.720032,213
2517,481.040863,599.875366,149
2518,349.157379,517.533142,138
2519,340.345093,666.917908,122
2520,346.637726,415.140320,145
2521,311.157135,581.837646,123
2522,522.367737,566.174683,141
2523,152.506332,89.840637,132
2524,378.354340,684.023315,97
2525,368.802612,549.003662,105
2526,435.755676,719.225464,106
2527,265.218414,816.878662,107
2528,462.212769,637.473267,93
2529,156.322830,432.199890,79
2530,473.502472,372.290161,75
2531,412.791168,874.344055,88
2532,368.940674,564.503052,60
2533,407.722717,616.967773,52
2534,387.356018,1256.723145,32
2535,-380.453339,-374.151001,32
2536,73.604942,345.705078,20
2537,108.241333,663.347900,19
2538,588.983887,756.652710,23
2539,145.342941,799.216125,61
2540,409.470276,898.803284,60
2541,75.905174,656.397827,137
2542,80.945572,662.319702,161
2543,291.388977,890.912109,171
2544,186.003830,97.328125,59
2545,100.232651,605.906860,49
2546,823.997131,-1455.789307,66
2547,380.953247,432.239868,67
2548,449.500916,204.279236,45
2549,198.098969,320.309875,38
2550,946.889038,617.063171,56
2551,147.671478,635.510864,51
2552,333.345428,389.965210,51
2553,573.573914,910.627075,47
2554,579.146484,829.362366,40
2555,586.175842,865.451904,55
2556,439.074310,553.918823,72
2557,162.152634,740.827454,99
2558,325.368805,286.792542,94
2559,456.117859,791.688416,100
2560,416.976227,531.023804,93
2561,525.641785,701.122070,67
2562,439.268402,530.119995,69
2563,337.382538,697.694214,78
2564,467.846741,608.294373,130
2565,150.099655,86.702637,226
2566,265.482178,272.413940,363
2567,150.034485,86.682556,444
2568,150.101974,86.704407,304
2569,117.907532,17.462952,360
2570,378.146088,521.657104,450
2571,150.101746,86.705811,365
2572,249.651291,781.293762,47
2573,234.333374,592.614319,64
2574,334.188965,480.547729,100
2575,161.665741,736.262695,132
2576,365.577667,857.379333,186
2577,336.126007,247.308350,153
2578,150.107681,87.000366,281
2579,123.729218,158.597656,412
2580,270.446014,700.426270,347
2581,511.256195,243.041260,164
2582,399.765717,668.733887,158
2583,719.637085,801.312622,101
2584,344.194183,892.149658,184
2585,150.091370,86.035400,858
2586,369.086151,627.325012,513
2587,352.842896,643.474609,268
2588,782.162537,135.295410,381
2589,152.254715,87.910767,447
2590,149.672226,86.307190,367
2591,153.973389,89.914612,213
2592,520.000793,717.547791,121
2593,-74632.195312,33167.789062,64
2594,453.487823,600.927490,35
2595,358.043549,679.492737,12
2596,371.069183,843.052856,11
2597,323.354370,560.790649,22
2598,-3979.592041,8486.863281,29
2599,357.317841,563.097351,157
2600,293.202271,759.547485,147
2601,-661.115723,1319.315674,131
2602,298.700623,378.587402,217
2603,470.732269,557.543091,349
2604,466.162811,554.970825,163
2605,31800.810547,-17850.125000,91
2606,382.559906,474.440308,211
2607,299.612701,539.236450,109
2608,304.303162,574.674438,125
2609,317.150635,583.725952,108
2610,249.607590,580.070068,128
2611,-7498.287598,-4198.105469,68
2612,389.034515,686.467407,70
2613,189.265427,870.378052,44
2614,379.958710,588.816223,57
2615,398.117035,537.745728,245
2616,398.928864,506.453491,233
2617,395.864899,504.444214,193
2618,370.150513,495.789612,216
2619,356.817596,490.192932,140
2620,359.666962,480.730103,37
2621,393.935760,372.318176,53
2622,309.777100,468.879272,120
2623,145.136169,98.591980,124
2624,401.534607,558.512268,122
2625,-103.368217,-212.858643,185
2626,519.063293,803.100342,152
2627,273.952484,443.794861,185
2628,201.713562,412.204224,178
2629,209.202362,393.337769,544
2630,206.737473,389.884094,488
2631,224.235306,394.036499,593
2632,210.847870,392.222168,505
2633,209.830017,398.069702,546
2634,218.053955,393.469727,349
2635,225.991943,395.943542,261
2636,237.400330,388.609070,144
2637,254.826492,380.463806,170
2638,266.760742,368.442444,150
2639,280.185883,353.956177,203
2640,281.412323,365.256653,212
2641,150.133759,86.873230,201
2642,319.464264,664.136475,204
2643,490.458527,457.506836,189
2644,374.234192,542.976318,201
2645,373.558990,261.929504,266
2646,281.233154,299.786987,312
2647,153.674500,87.070190,246
2648,442.277161,395.747925,221
2649,262.454224,283.516174,309
2650,290.100311,297.866516,386
2651,299.071991,277.754272,292
2652,268.303314,436.010864,190
2653,528.397766,814.896790,146
2654,155.835175,247.234802,79
2655,225.414719,228.334106,67
2656,435.310242,201.099487,70
2657,380.454132,535.577637,145
2658,341.798431,235.747070,81
2659,389.022217,219.635315,264
2660,161.515228,740.119629,83
2661,282.746033,345.205322,45
2662,374.876740,451.616699,40
2663,434.817505,634.224976,55
2664,205.233063,280.430542,154
2665,184.216644,381.974426,165
2666,120.337318,224.610168,175
2667,456.167023,194.369324,90
2668,234.309128,107.733154,85
2669,268.258698,231.078430,210
2670,196.139069,736.055359,205
2671,472.878479,682.869995,215
2672,186.916306,292.835266,78
2673,394.228821,332.226868,161
2674,228.273071,270.826538,206
2675,224.871277,276.093201,163
2676,208.850601,285.183777,114
2677,211.901978,287.962158,125
2678,198.894852,297.923157,140
2679,348.254791,356.664185,131
2680,179.895172,299.626282,199
2681,216.988953,315.845764,449
2682,185.884109,318.409607,581
2683,183.518936,308.560974,396
2684,181.152649,312.809998,267
2685,150.344666,87.742737,216
2686,471.040070,760.961548,229
2687,189.088593,270.457275,267
2688,178.577621,334.692505,459
2689,186.091202,317.508362,313
2690,189.918320,348.223755,208
2691,208.226303,362.432129,471
2692,205.398697,356.121277,300
2693,207.851608,349.852234,164
2694,215.672241,364.431213,207
2695,204.789612,835.187134,114
2696,233.568985,391.721558,137
2697,232.661682,409.437317,133
2698,238.965439,415.940430,143
2699,259.464081,427.712952,387
2700,259.735107,433.482300,700
2701,260.954224,443.031555,559
2702,259.058105,446.784668,684
2703,260.248779,447.240234,1219
2704,189.006424,141.489502,1310
2705,478.341400,545.958252,840
2706,260.016937,449.381897,600
2707,478.876343,546.860596,757
2708,271.530853,459.328979,894
2709,285.753296,461.712158,682
2710,516.094849,714.790527,1372
2711,267.155579,473.160156,1040
2712,481.247498,539.774048,829
2713,478.751190,545.744141,876
2714,527.753479,571.597107,1090
2715,155.046173,91.219727,1608
2716,286.235535,484.571838,942
2717,267.026703,473.118164,1208
2718,280.384460,482.607300,883
2719,162.548111,97.774902,1297
2720,299.738617,482.970825,928
2721,277.924225,489.699829,1280
2722,557.536926,464.515991,1207
2723,278.252716,481.540527,1112
2724,163.293533,510.848328,799
2725,510.672760,577.589172,529
2726,478.295776,544.880066,569
2727,497.657349,554.624023,971
2728,153.225601,89.512756,1384
2729,251.602966,458.230225,737
2730,320.369385,241.627563,359
2731,257.070984,469.286499,875
2732,479.877716,629.727966,1278
2733,267.755096,462.451416,1299
2734,269.076508,440.682556,845
2735,194.898819,96.407227,499
2736,518.107117,689.481567,305
2737,489.823364,456.962585,249
2738,315.055695,475.490540,287
2739,519.394836,690.380371,353
2740,473.031433,554.325378,551
2741,342.027740,487.413574,417
2742,418.362244,543.242920,366
2743,367.224426,498.035706,215
2744,368.910126,481.829163,163
2745,216.106262,374.549072,99
2746,400.920593,510.958679,64
2747,420.554871,521.598511,99
2748,434.537445,535.401367,148
2749,399.852783,424.251892,196
2750,423.313568,552.087646,310
2751,148.577271,88.710327,195
2752,205.132706,109.143921,165
2753,527.418823,291.979126,91
2754,354.043915,561.318604,57
2755,420.068542,609.875854,95
2756,499.638092,593.328491,102
2757,380.521118,639.752319,67
2758,162.206726,700.658875,49
2759,197.419601,722.468750,25
2760,59.205540,266.219727,39
2761,248.077469,486.325562,64
2762,199.163834,732.646118,39
2763,359.548218,315.199646,26
2764,238.104584,744.238220,34
2765,355.132660,476.453003,36
2766,528.409668,699.615601,51
2767,419.921631,607.629272,96
2768,461.632935,773.183472,169
2769,418.024017,901.045776,122
2770,80.985313,663.324951,94
2771,348.329437,548.098389,87
2772,84.107285,661.596863,158
2773,99.775726,679.010132,186
2774,96.921623,648.859375,147
2775,152.075226,578.081543,110
2776,114.853050,670.281921,96
2777,356.138397,514.122070,65
2778,91.408035,649.710938,137
2779,86.514046,695.189087,137
2780,328.821655,832.744385,59
2781,362.836639,747.123596,64
2782,393.473450,591.704956,33
2783,195.088577,69.046509,54
2784,203.890198,556.095947,50
2785,166.520401,740.079468,64
2786,149.462479,86.365784,51
2787,343.591400,654.760315,26
2788,515.304199,660.114929,34
2789,531.039429,196.574280,46
2790,69.956825,612.870850,75
2791,417.417328,206.948792,132
2792,559.727112,999.161133,120
2793,322.523865,684.187988,83
2794,427.891663,-191.459961,65
2795,1079.548340,349.637634,88
2796,374.937286,603.143433,81
2797,313.347076,777.053223,129
2798,322.019135,521.269775,77
2799,455.842072,511.429382,63
2800,559.230164,626.308777,83
2801,367.596588,655.306763,201
2802,320.144440,816.218933,314
2803,118.188271,11.023621,595
2804,338.705719,673.353638,276
2805,479.374298,545.309937,208
2806,210.321548,910.589966,147
2807,223.472977,835.001709,111
2808,288.096497,792.096924,108
2809,198.790695,400.260254,98
2810,271.950500,827.876282,66
2811,806.750061,1696.180664,37
2812,168.572464,225.582153,39
2813,195.611893,860.471680,134
2814,73.346291,903.667603,107
2815,267.795624,352.294800,74
2816,638.418762,707.176208,33
2817,375.423767,457.076843,102
2818,149.100632,76.502808,102
2819,336.638519,528.300659,65
2820,691.114563,401.606201,68
2821,2191.915527,2063.144775,88
2822,329.416077,949.382324,79
2823,528.170837,679.330566,51
2824,472.304596,164.530945,67
2825,167.349380,740.826782,224
2826,419.566528,927.524353,201
2827,402.774841,939.658936,383
2828,473.534912,498.726501,233
2829,467.294617,495.673889,199
2830,436.163940,912.275269,243
2831,310.844177,583.023926,265
2832,150.101974,86.704407,433
2833,139.224670,86.020935,443
2834,150.285568,86.900085,753
2835,460.528290,908.083679,485
2836,424.859314,862.787781,289
2837,153.312500,93.139282,423
2838,473.758362,888.656128,214
2839,470.836060,840.579712,106
2840,499.543945,869.512695,131
2841,303.074799,378.596313,248
2842,483.563141,842.071838,222
2843,470.555908,810.641296,208
2844,454.782379,762.229553,238
2845,388.317474,606.066895,219
2846,387.057404,418.286926,240
2847,478.911194,722.204041,280
2848,482.150024,791.152954,199
2849,437.553619,585.551025,199
2850,361.302948,308.556519,99
2851,388.983612,747.212402,68
2852,404.460449,764.733765,397
2853,150.224106,86.835876,465
2854,434.127258,824.143738,300
2855,409.137360,749.451294,310
2856,379.398956,662.862183,148
2857,150.198471,86.788086,497
2858,546.757629,735.518555,220
2859,454.389160,685.827332,178
2860,342.158722,741.904419,232
2861,462.763184,608.830078,260
2862,547.485779,735.407715,247
2863,546.858521,736.279053,218
2864,269.766632,704.515137,253
2865,311.861633,646.381409,178
2866,546.749695,735.841431,227
2867,150.189789,86.929504,417
2868,161.193054,89.934937,510
2869,149.945282,86.294556,543
2870,150.012177,86.836975,601
2871,298.347656,371.925110,352
2872,545.061462,733.000427,239
2873,270.686371,698.008789,453
2874,271.523926,701.330811,418
2875,150.463470,88.042053,499
2876,274.639130,704.355347,397
2877,547.195984,735.739380,294
2878,270.670563,700.719971,306
2879,150.134445,87.809692,392
2880,233.013397,715.104004,485
2881,155.347321,91.947510,563
2882,150.106598,86.715820,666
2883,157.879807,94.809387,951
2884,152.498657,88.716431,850